"Series Description","Assets: Other: Gold certificate account: Wednesday level","Assets: Other: Gold certificate account: change in Wednesday level from previous Wednesday level","Assets: Other: Gold certificate account: change in Wednesday level from year ago level","Assets: Other: Special drawing rights certificate account: Wednesday level","Assets: Other: Special drawing rights certificate account: change in Wednesday level from previous Wednesday level","Assets: Other: Special drawing rights certificate account: change in Wednesday level from year ago level","Assets: Other: Coin: Wednesday level","Assets: Other: Coin: change in Wednesday level from previous Wednesday level","Assets: Other: Coin: change in Wednesday level from year ago level","Assets: Other: Securities, premiums, discounts, repurchase agreements, and loans: Wednesday level","Assets: Other: Securities, premiums, discounts, repurchase agreements, and loans: change in Wednesday level from previous Wednesday level","Assets: Other: Securities, premiums, discounts, repurchase agreements, and loans: change in Wednesday level from year ago level","Assets: Securities Held Outright: Securities held outright: Wednesday level","Assets: Securities Held Outright: Securities held outright: change in Wednesday level from previous Wednesday level","Assets: Securities Held Outright: Securities held outright: change in Wednesday level from year ago level","Assets: Securities Held Outright: U.S. Treasury securities: Wednesday level","Assets: Securities Held Outright: U.S. Treasury securities: change in Wednesday level from previous Wednesday level","Assets: Securities Held Outright: U.S. Treasury securities: change in Wednesday level from year ago level","Assets: Securities Held Outright: U.S. Treasury securities: Bills: Wednesday level","Assets: Securities Held Outright: U.S. Treasury securities: Bills: change in Wednesday level from previous Wednesday level","Assets: Securities Held Outright: U.S. Treasury securities: Bills: change in Wednesday level from year ago level","Assets: Securities Held Outright: U.S. Treasury securities: Notes and bonds, nominal: Wednesday level","Assets: Securities Held Outright: U.S. Treasury securities: Notes and bonds, nominal: change in Wednesday level from previous Wednesday level","Assets: Securities Held Outright: U.S. Treasury securities: Notes and bonds, nominal: change in Wednesday level from year ago level","Assets: Securities Held Outright: U.S. Treasury securities: Notes and bonds, inflation-indexed: Wednesday level","Assets: Securities Held Outright: U.S. Treasury securities: Notes and bonds, inflation-indexed: change in Wednesday level from previous Wednesday level","Assets: Securities Held Outright: U.S. Treasury securities: Notes and bonds, inflation-indexed: change in Wednesday level from year ago level","Assets: Securities Held Outright: U.S. Treasury securities: Inflation compensation: Wednesday level","Assets: Securities Held Outright: U.S. Treasury securities: Inflation compensation: change in Wednesday level from previous Wednesday level","Assets: Securities Held Outright: U.S. Treasury securities: Inflation compensation: change in Wednesday level from year ago level","Assets: Securities Held Outright: Federal agency debt securities: Wednesday level","Assets: Securities Held Outright: Federal agency debt securities: change in Wednesday level from previous Wednesday level","Assets: Securities Held Outright: Federal agency debt securities: change in Wednesday level from year ago level","Assets: Securities Held Outright: Mortgage-backed securities: Wednesday level","Assets: Securities Held Outright: Mortgage-backed securities: change in Wednesday level from previous Wednesday level","Assets: Securities Held Outright: Mortgage-backed securities: change in Wednesday level from year ago level","Assets: Unamortized premiums on securities held outright: Wednesday level","Assets: Unamortized premiums on securities held outright: change in Wednesday level from previous Wednesday level","Assets: Unamortized premiums on securities held outright: change in Wednesday level from year ago level","Assets: Unamortized discounts on securities held outright: Wednesday level","Assets: Unamortized discounts on securities held outright: change in Wednesday level from previous Wednesday level","Assets: Unamortized discounts on securities held outright: change in Wednesday level from year ago level","Assets: Other: Repurchase agreements: Wednesday level","Assets: Other: Repurchase agreements: change in Wednesday level from previous Wednesday level","Assets: Other: Repurchase agreements: change in Wednesday level from year ago level","Assets: Liquidity and Credit Facilities: Loans: Wednesday level","Assets: Liquidity and Credit Facilities: Loans: change in Wednesday level from previous Wednesday level","Assets: Liquidity and Credit Facilities: Loans: change in Wednesday level from year ago level","Assets: Net Portfolio Holdings of Maiden Lane LLCs: Net portfolio holdings of Maiden Lane LLC: Wednesday level","Assets: Net Portfolio Holdings of Maiden Lane LLCs: Net portfolio holdings of Maiden Lane LLC: change in Wednesday level from previous Wednesday level","Assets: Net Portfolio Holdings of Maiden Lane LLCs: Net portfolio holdings of Maiden Lane LLC: change in Wednesday level from year ago level","Assets: Other: Items in process of collection, Eliminations from consolidation: Wednesday level","Assets: Other: Items in process of collection (Less eliminations from consolidation): Wednesday level","Assets: Other: Items in process of collection (Less eliminations from consolidation): change in Wednesday level from previous Wednesday level","Assets: Other: Items in process of collection (Less eliminations from consolidation): change in Wednesday level from year ago level","Assets: Other: Bank premises: Wednesday level","Assets: Other: Bank premises: change in Wednesday level from previous Wednesday level","Assets: Other: Bank premises: change in Wednesday level from year ago level","Assets: Central Bank Liquidity Swaps: Central bank liquidity swaps: Wednesday level","Assets: Central Bank Liquidity Swaps: Central bank liquidity swaps: change in Wednesday level from previous Wednesday level","Assets: Central Bank Liquidity Swaps: Central bank liquidity swaps: change in Wednesday level from year ago level","Assets: Other: Other assets: Wednesday level","Assets: Other: Other assets: change in Wednesday level from previous Wednesday level","Assets: Other: Other assets: change in Wednesday level from year ago level","Assets: Other Factors Supplying Reserve Balances: Foreign currency denominated assets: Wednesday level","Assets: Other Factors Supplying Reserve Balances: Foreign currency denominated assets: change in Wednesday level from previous Wednesday level","Assets: Other Factors Supplying Reserve Balances: Foreign currency denominated assets: change in Wednesday level from year ago level","Assets: Total Assets: Total assets, Eliminations from consolidation: Wednesday level","Assets: Total Assets: Total assets (Less eliminations from consolidation): Wednesday level","Assets: Total Assets: Total assets (Less eliminations from consolidation): change in Wednesday level from previous Wednesday level","Assets: Total Assets: Total assets (Less eliminations from consolidation): change in Wednesday level from year ago level","Liabilities and Capital: Liabilities: Federal Reserve notes, net of F.R. Bank holdings: Wednesday level","Liabilities and Capital: Liabilities: Federal Reserve notes, net of F.R. Bank holdings: change in Wednesday level from previous Wednesday level","Liabilities and Capital: Liabilities: Federal Reserve notes, net of F.R. Bank holdings: change in Wednesday level from year ago level","Liabilities and Capital: Liabilities: Reverse repurchase agreements: Wednesday level","Liabilities and Capital: Liabilities: Reverse repurchase agreements: change in Wednesday level from previous Wednesday level","Liabilities and Capital: Liabilities: Reverse repurchase agreements: change in Wednesday level from year ago level","Liabilities and Capital: Liabilities: Deposits, Eliminations from consolidation: Wednesday level","Liabilities and Capital: Liabilities: Deposits (Less eliminations from consolidation): Wednesday level","Liabilities and Capital: Liabilities: Deposits (Less eliminations from consolidation): change in Wednesday level from previous Wednesday level","Liabilities and Capital: Liabilities: Deposits (Less eliminations from consolidation): change in Wednesday level from year ago level","Liabilities and Capital: Liabilities: Deposits with F.R. Banks, other than reserve balances: Term deposits held by depository institutions: Wednesday level","Liabilities and Capital: Liabilities: Deposits with F.R. Banks, other than reserve balances: Term deposits held by depository institutions: change in Wednesday level from previous Wednesday level","Liabilities and Capital: Liabilities: Deposits with F.R. Banks, other than reserve balances: Term deposits held by depository institutions: change in Wednesday level from year ago level","Liabilities and Capital: Liabilities: Deposits: Other deposits held by depository institutions: Wednesday level","Liabilities and Capital: Liabilities: Deposits: Other deposits held by depository institutions: change in Wednesday level from previous Wednesday level","Liabilities and Capital: Liabilities: Deposits: Other deposits held by depository institutions: change in Wednesday level from year ago level","Liabilities and Capital: Liabilities: Deposits with F.R. Banks, other than reserve balances: U.S. Treasury, General Account: Wednesday level","Liabilities and Capital: Liabilities: Deposits with F.R. Banks, other than reserve balances: U.S. Treasury, General Account: change in Wednesday level from previous Wednesday level","Liabilities and Capital: Liabilities: Deposits with F.R. Banks, other than reserve balances: U.S. Treasury, General Account: change in Wednesday level from year ago level","Liabilities and Capital: Liabilities: Deposits with F.R. Banks, other than reserve balances: Foreign official: Wednesday level","Liabilities and Capital: Liabilities: Deposits with F.R. Banks, other than reserve balances: Foreign official: change in Wednesday level from previous Wednesday level","Liabilities and Capital: Liabilities: Deposits with F.R. Banks, other than reserve balances: Foreign official: change in Wednesday level from year ago level","Liabilities and Capital: Liabilities: Deposits with F.R. Banks: Other, Eliminations from consolidation: Wednesday level","Liabilities and Capital: Liabilities: Deposits: Other: Wednesday level","Liabilities and Capital: Liabilities: Deposits: Other: change in Wednesday level from previous Wednesday level","Liabilities and Capital: Liabilities: Deposits: Other: change in Wednesday level from year ago level","Liabilities and Capital: Liabilities: Deferred availability cash items, Eliminations from consolidation: Wednesday level","Liabilities and Capital: Liabilities: Deferred availability cash items (Less eliminations from consolidation): Wednesday level","Liabilities and Capital: Liabilities: Deferred availability cash items (Less eliminations from consolidation): change in Wednesday level from previous Wednesday level","Liabilities and Capital: Liabilities: Deferred availability cash items (Less eliminations from consolidation): change in Wednesday level from year ago level","Liabilities and Capital: Liabilities: Other liabilities and accrued dividends (Includes the liability for earnings remittances due to the U.S. Treasury): Wednesday level","Liabilities and Capital: Liabilities: Other liabilities and accrued dividends (Includes the liability for earnings remittances due to the U.S. Treasury): change in Wednesday level from previous Wednesday level","Liabilities and Capital: Liabilities: Other liabilities and accrued dividends (Includes the liability for earnings remittances due to the U.S. Treasury): change in Wednesday level from year ago level","Liabilities and Capital: Liabilities: Total liabilities, Eliminations from consolidation: Wednesday level","Liabilities and Capital: Liabilities: Total liabilities (Less eliminations from consolidation): Wednesday level","Liabilities and Capital: Liabilities: Total liabilities (Less eliminations from consolidation): change in Wednesday level from previous Wednesday level","Liabilities and Capital: Liabilities: Total liabilities (Less eliminations from consolidation): change in Wednesday level from year ago level","Liabilities and Capital: Capital: Capital paid in: Wednesday level","Liabilities and Capital: Capital: Capital paid in: change in Wednesday level from previous Wednesday level","Liabilities and Capital: Capital: Capital paid in: change in Wednesday level from year ago level","Liabilities and Capital: Capital: Surplus: Wednesday level","Liabilities and Capital: Capital: Surplus: change in Wednesday level from previous Wednesday level","Liabilities and Capital: Capital: Surplus: change in Wednesday level from year ago level","Liabilities and Capital: Capital: Other capital accounts: Wednesday level","Liabilities and Capital: Capital: Other capital accounts: change in Wednesday level from previous Wednesday level","Liabilities and Capital: Capital: Other capital accounts: change in Wednesday level from year ago level","Liabilities and Capital: Capital: Total capital: Wednesday level","Liabilities and Capital: Capital: Total capital: change in Wednesday level from previous Wednesday level","Liabilities and Capital: Capital: Total capital: change in Wednesday level from year ago level"
"Unit:","Currency","Currency","Currency","Currency","Currency","Currency","Currency","Currency","Currency","Currency","Currency","Currency","Currency","Currency","Currency","Currency","Currency","Currency","Currency","Currency","Currency","Currency","Currency","Currency","Currency","Currency","Currency","Currency","Currency","Currency","Currency","Currency","Currency","Currency","Currency","Currency","Currency","Currency","Currency","Currency","Currency","Currency","Currency","Currency","Currency","Currency","Currency","Currency","Currency","Currency","Currency","Currency","Currency","Currency","Currency","Currency","Currency","Currency","Currency","Currency","Currency","Currency","Currency","Currency","Currency","Currency","Currency","Currency","Currency","Currency","Currency","Currency","Currency","Currency","Currency","Currency","Currency","Currency","Currency","Currency","Currency","Currency","Currency","Currency","Currency","Currency","Currency","Currency","Currency","Currency","Currency","Currency","Currency","Currency","Currency","Currency","Currency","Currency","Currency","Currency","Currency","Currency","Currency","Currency","Currency","Currency","Currency","Currency","Currency","Currency","Currency","Currency","Currency","Currency","Currency","Currency","Currency","Currency","Currency","Currency"
"Multiplier:","1000000","1000000","1000000","1000000","1000000","1000000","1000000","1000000","1000000","1000000","1000000","1000000","1000000","1000000","1000000","1000000","1000000","1000000","1000000","1000000","1000000","1000000","1000000","1000000","1000000","1000000","1000000","1000000","1000000","1000000","1000000","1000000","1000000","1000000","1000000","1000000","1000000","1000000","1000000","1000000","1000000","1000000","1000000","1000000","1000000","1000000","1000000","1000000","1000000","1000000","1000000","1000000","1000000","1000000","1000000","1000000","1000000","1000000","1000000","1000000","1000000","1000000","1000000","1000000","1000000","1000000","1000000","1000000","1000000","1000000","1000000","1000000","1000000","1000000","1000000","1000000","1000000","1000000","1000000","1000000","1000000","1000000","1000000","1000000","1000000","1000000","1000000","1000000","1000000","1000000","1000000","1000000","1000000","1000000","1000000","1000000","1000000","1000000","1000000","1000000","1000000","1000000","1000000","1000000","1000000","1000000","1000000","1000000","1000000","1000000","1000000","1000000","1000000","1000000","1000000","1000000","1000000","1000000","1000000","1000000"
"Currency:","USD","USD","USD","USD","USD","USD","USD","USD","USD","USD","USD","USD","USD","USD","USD","USD","USD","USD","USD","USD","USD","USD","USD","USD","USD","USD","USD","USD","USD","USD","USD","USD","USD","USD","USD","USD","USD","USD","USD","USD","USD","USD","USD","USD","USD","USD","USD","USD","USD","USD","USD","USD","USD","USD","USD","USD","USD","USD","USD","USD","USD","USD","USD","USD","USD","USD","USD","USD","USD","USD","USD","USD","USD","USD","USD","USD","USD","USD","USD","USD","USD","USD","USD","USD","USD","USD","USD","USD","USD","USD","USD","USD","USD","USD","USD","USD","USD","USD","USD","USD","USD","USD","USD","USD","USD","USD","USD","USD","USD","USD","USD","USD","USD","USD","USD","USD","USD","USD","USD","USD"
"Unique Identifier: ","H41/H41/RESPPAG_N.WW","H41/H41/RESPPAG_XCH1_N.WW","H41/H41/RESPPAG_XCH52_N.WW","H41/H41/RESPPAS_N.WW","H41/H41/RESPPAS_XCH1_N.WW","H41/H41/RESPPAS_XCH52_N.WW","H41/H41/RESPPAC_N.WW","H41/H41/RESPPAC_XCH1_N.WW","H41/H41/RESPPAC_XCH52_N.WW","H41/H41/RESPPAL_N.WW","H41/H41/RESPPAL_XCH1_N.WW","H41/H41/RESPPAL_XCH52_N.WW","H41/H41/RESPPALG_N.WW","H41/H41/RESPPALG_XCH1_N.WW","H41/H41/RESPPALG_XCH52_N.WW","H41/H41/RESPPALGUO_N.WW","H41/H41/RESPPALGUO_XCH1_N.WW","H41/H41/RESPPALGUO_XCH52_N.WW","H41/H41/RESPPALGUOB_N.WW","H41/H41/RESPPALGUOB_XCH1_N.WW","H41/H41/RESPPALGUOB_XCH52_N.WW","H41/H41/RESPPALGUOMN_N.WW","H41/H41/RESPPALGUOMN_XCH1_N.WW","H41/H41/RESPPALGUOMN_XCH52_N.WW","H41/H41/RESPPALGUOMI_N.WW","H41/H41/RESPPALGUOMI_XCH1_N.WW","H41/H41/RESPPALGUOMI_XCH52_N.WW","H41/H41/RESPPALGUOMC_N.WW","H41/H41/RESPPALGUOMC_XCH1_N.WW","H41/H41/RESPPALGUOMC_XCH52_N.WW","H41/H41/RESPPALGAO_N.WW","H41/H41/RESPPALGAO_XCH1_N.WW","H41/H41/RESPPALGAO_XCH52_N.WW","H41/H41/RESPPALGASMO_N.WW","H41/H41/RESPPALGASMO_XCH1_N.WW","H41/H41/RESPPALGASMO_XCH52_N.WW","H41/H41/RESPPALSP_N.WW","H41/H41/RESPPALSP_XCH1_N.WW","H41/H41/RESPPALSP_XCH52_N.WW","H41/H41/RESPPALSD_N.WW","H41/H41/RESPPALSD_XCH1_N.WW","H41/H41/RESPPALSD_XCH52_N.WW","H41/H41/RESPPALGTR_N.WW","H41/H41/RESPPALGTR_XCH1_N.WW","H41/H41/RESPPALGTR_XCH52_N.WW","H41/H41/RESPPALD_N.WW","H41/H41/RESPPALD_XCH1_N.WW","H41/H41/RESPPALD_XCH52_N.WW","H41/H41/RESPPAAML1H_N.WW","H41/H41/RESPPAAML1H_XCH1_N.WW","H41/H41/RESPPAAML1H_XCH52_N.WW","H41/H41/RESPPMAIX_N.WW","H41/H41/RESPPMAI_N.WW","H41/H41/RESPPMAI_XCH1_N.WW","H41/H41/RESPPMAI_XCH52_N.WW","H41/H41/RESPPAP_N.WW","H41/H41/RESPPAP_XCH1_N.WW","H41/H41/RESPPAP_XCH52_N.WW","H41/H41/RESH4SCS_N.WW","H41/H41/RESH4SCS_XCH1_N.WW","H41/H41/RESH4SCS_XCH52_N.WW","H41/H41/RESPPAO_N.WW","H41/H41/RESPPAO_XCH1_N.WW","H41/H41/RESPPAO_XCH52_N.WW","H41/H41/RESPPAOF_N.WW","H41/H41/RESPPAOF_XCH1_N.WW","H41/H41/RESPPAOF_XCH52_N.WW","H41/H41/RESPPMAX_N.WW","H41/H41/RESPPMA_N.WW","H41/H41/RESPPMA_XCH1_N.WW","H41/H41/RESPPMA_XCH52_N.WW","H41/H41/RESPPLLN_N.WW","H41/H41/RESPPLLN_XCH1_N.WW","H41/H41/RESPPLLN_XCH52_N.WW","H41/H41/RESPPLLR_N.WW","H41/H41/RESPPLLR_XCH1_N.WW","H41/H41/RESPPLLR_XCH52_N.WW","H41/H41/RESPPMLLDX_N.WW","H41/H41/RESPPMLLD_N.WW","H41/H41/RESPPMLLD_XCH1_N.WW","H41/H41/RESPPMLLD_XCH52_N.WW","H41/H41/RESPPLLDA_N.WW","H41/H41/RESPPLLDA_XCH1_N.WW","H41/H41/RESPPLLDA_XCH52_N.WW","H41/H41/RESPPLLDD_N.WW","H41/H41/RESPPLLDD_XCH1_N.WW","H41/H41/RESPPLLDD_XCH52_N.WW","H41/H41/RESPPLLDT_N.WW","H41/H41/RESPPLLDT_XCH1_N.WW","H41/H41/RESPPLLDT_XCH52_N.WW","H41/H41/RESPPLLDF_N.WW","H41/H41/RESPPLLDF_XCH1_N.WW","H41/H41/RESPPLLDF_XCH52_N.WW","H41/H41/RESPPMLLDOX_N.WW","H41/H41/RESPPLLDO_N.WW","H41/H41/RESPPLLDO_XCH1_N.WW","H41/H41/RESPPLLDO_XCH52_N.WW","H41/H41/RESPPMLLCX_N.WW","H41/H41/RESPPMLLC_N.WW","H41/H41/RESPPMLLC_XCH1_N.WW","H41/H41/RESPPMLLC_XCH52_N.WW","H41/H41/RESPPLLO_N.WW","H41/H41/RESPPLLO_XCH1_N.WW","H41/H41/RESPPLLO_XCH52_N.WW","H41/H41/RESPPMLLX_N.WW","H41/H41/RESPPMLL_N.WW","H41/H41/RESPPMLL_XCH1_N.WW","H41/H41/RESPPMLL_XCH52_N.WW","H41/H41/RESPPLCP_N.WW","H41/H41/RESPPLCP_XCH1_N.WW","H41/H41/RESPPLCP_XCH52_N.WW","H41/H41/RESPPLCS_N.WW","H41/H41/RESPPLCS_XCH1_N.WW","H41/H41/RESPPLCS_XCH52_N.WW","H41/H41/RESPPLCU_N.WW","H41/H41/RESPPLCU_XCH1_N.WW","H41/H41/RESPPLCU_XCH52_N.WW","H41/H41/RESPPLC_N.WW","H41/H41/RESPPLC_XCH1_N.WW","H41/H41/RESPPLC_XCH52_N.WW"
"Time Period","RESPPAG_N.WW","RESPPAG_XCH1_N.WW","RESPPAG_XCH52_N.WW","RESPPAS_N.WW","RESPPAS_XCH1_N.WW","RESPPAS_XCH52_N.WW","RESPPAC_N.WW","RESPPAC_XCH1_N.WW","RESPPAC_XCH52_N.WW","RESPPAL_N.WW","RESPPAL_XCH1_N.WW","RESPPAL_XCH52_N.WW","RESPPALG_N.WW","RESPPALG_XCH1_N.WW","RESPPALG_XCH52_N.WW","RESPPALGUO_N.WW","RESPPALGUO_XCH1_N.WW","RESPPALGUO_XCH52_N.WW","RESPPALGUOB_N.WW","RESPPALGUOB_XCH1_N.WW","RESPPALGUOB_XCH52_N.WW","RESPPALGUOMN_N.WW","RESPPALGUOMN_XCH1_N.WW","RESPPALGUOMN_XCH52_N.WW","RESPPALGUOMI_N.WW","RESPPALGUOMI_XCH1_N.WW","RESPPALGUOMI_XCH52_N.WW","RESPPALGUOMC_N.WW","RESPPALGUOMC_XCH1_N.WW","RESPPALGUOMC_XCH52_N.WW","RESPPALGAO_N.WW","RESPPALGAO_XCH1_N.WW","RESPPALGAO_XCH52_N.WW","RESPPALGASMO_N.WW","RESPPALGASMO_XCH1_N.WW","RESPPALGASMO_XCH52_N.WW","RESPPALSP_N.WW","RESPPALSP_XCH1_N.WW","RESPPALSP_XCH52_N.WW","RESPPALSD_N.WW","RESPPALSD_XCH1_N.WW","RESPPALSD_XCH52_N.WW","RESPPALGTR_N.WW","RESPPALGTR_XCH1_N.WW","RESPPALGTR_XCH52_N.WW","RESPPALD_N.WW","RESPPALD_XCH1_N.WW","RESPPALD_XCH52_N.WW","RESPPAAML1H_N.WW","RESPPAAML1H_XCH1_N.WW","RESPPAAML1H_XCH52_N.WW","RESPPMAIX_N.WW","RESPPMAI_N.WW","RESPPMAI_XCH1_N.WW","RESPPMAI_XCH52_N.WW","RESPPAP_N.WW","RESPPAP_XCH1_N.WW","RESPPAP_XCH52_N.WW","RESH4SCS_N.WW","RESH4SCS_XCH1_N.WW","RESH4SCS_XCH52_N.WW","RESPPAO_N.WW","RESPPAO_XCH1_N.WW","RESPPAO_XCH52_N.WW","RESPPAOF_N.WW","RESPPAOF_XCH1_N.WW","RESPPAOF_XCH52_N.WW","RESPPMAX_N.WW","RESPPMA_N.WW","RESPPMA_XCH1_N.WW","RESPPMA_XCH52_N.WW","RESPPLLN_N.WW","RESPPLLN_XCH1_N.WW","RESPPLLN_XCH52_N.WW","RESPPLLR_N.WW","RESPPLLR_XCH1_N.WW","RESPPLLR_XCH52_N.WW","RESPPMLLDX_N.WW","RESPPMLLD_N.WW","RESPPMLLD_XCH1_N.WW","RESPPMLLD_XCH52_N.WW","RESPPLLDA_N.WW","RESPPLLDA_XCH1_N.WW","RESPPLLDA_XCH52_N.WW","RESPPLLDD_N.WW","RESPPLLDD_XCH1_N.WW","RESPPLLDD_XCH52_N.WW","RESPPLLDT_N.WW","RESPPLLDT_XCH1_N.WW","RESPPLLDT_XCH52_N.WW","RESPPLLDF_N.WW","RESPPLLDF_XCH1_N.WW","RESPPLLDF_XCH52_N.WW","RESPPMLLDOX_N.WW","RESPPLLDO_N.WW","RESPPLLDO_XCH1_N.WW","RESPPLLDO_XCH52_N.WW","RESPPMLLCX_N.WW","RESPPMLLC_N.WW","RESPPMLLC_XCH1_N.WW","RESPPMLLC_XCH52_N.WW","RESPPLLO_N.WW","RESPPLLO_XCH1_N.WW","RESPPLLO_XCH52_N.WW","RESPPMLLX_N.WW","RESPPMLL_N.WW","RESPPMLL_XCH1_N.WW","RESPPMLL_XCH52_N.WW","RESPPLCP_N.WW","RESPPLCP_XCH1_N.WW","RESPPLCP_XCH52_N.WW","RESPPLCS_N.WW","RESPPLCS_XCH1_N.WW","RESPPLCS_XCH52_N.WW","RESPPLCU_N.WW","RESPPLCU_XCH1_N.WW","RESPPLCU_XCH52_N.WW","RESPPLC_N.WW","RESPPLC_XCH1_N.WW","RESPPLC_XCH52_N.WW"
2016-02-03,11037,0,0,5200,0,0,1999,28,44,4408021,-529,-16057,4236766,-72,-154,2461269,-72,617,0,0,0,2346639,0,-72,98534,0,65,16097,-71,625,31318,0,-6270,1744179,0,5499,187656,-369,-17715,-16411,26,1816,0,0,0,10,-114,-4,1722,0,36,0,191,-4,81,2230,-8,-23,91,-11,91,33002,1402,-632,20001,267,-395,0,4483495,1146,-16853,1370254,2067,79482,292271,-16834,26621,0,2774384,15126,-106094,0,0,0,2441276,42009,-267535,312633,-25340,155383,5539,306,326,0,14936,-1850,5732,0,198,-268,-378,6881,1052,1221,0,4443989,1144,853,29506,2,900,10000,0,-18606,0,0,0,39506,2,-17706
2016-02-10,11037,0,0,5200,0,0,2006,7,49,4407622,-399,-15289,4236672,-94,609,2461174,-95,684,0,0,0,2346639,0,-72,98534,0,65,16002,-95,692,31318,0,-5559,1744180,1,5484,187319,-337,-17708,-16380,31,1816,0,0,0,11,1,-6,1722,0,36,0,172,-19,-2,2231,1,-22,91,0,91,35741,2739,-643,20458,457,374,0,4486278,2783,-15407,1373926,3672,75819,282372,-9899,33797,0,2783045,8661,-107827,0,0,-188083,2483140,41864,-75073,276161,-36472,145396,5237,-302,24,0,18507,3571,9909,0,458,260,-125,6965,84,645,0,4446766,2777,2309,29512,6,898,10000,0,-18614,0,0,0,39512,6,-17716
2016-02-17,11037,0,0,5200,0,0,1995,-11,64,4420345,12723,-12952,4249169,12497,2937,2461080,-94,752,0,0,0,2346639,0,-72,98534,0,65,15907,-95,759,31318,0,-5559,1756771,12591,7744,187468,149,-17750,-16365,15,1794,0,0,0,73,62,67,1721,-1,35,0,191,19,7,2231,0,-23,98,7,98,20450,-15291,-606,20360,-98,153,0,4483629,-2649,-13222,1382645,8719,78459,298746,16374,1692,0,2755816,-27229,-75018,0,0,-296921,2490021,6881,44120,242350,-33811,169253,5238,1,26,0,18207,-300,8504,0,314,-144,-551,6590,-375,-79,0,4444110,-2656,4502,29519,7,897,10000,0,-18622,0,0,0,39519,7,-17724
2016-02-24,11037,0,0,5200,0,0,1970,-25,72,4424521,4176,761,4253447,4278,16196,2461211,131,1044,0,0,0,2346865,226,154,98534,0,65,15813,-94,826,31318,0,-5559,1760918,4147,20710,187387,-81,-17235,-16333,32,1789,0,0,0,19,-54,11,1722,1,36,0,141,-50,-51,2229,-2,-23,89,-9,86,22451,2001,2005,20436,76,184,0,4489796,6167,3071,1385083,2438,78235,286676,-12070,-19495,0,2771511,15695,-37887,63907,63907,-340243,2426047,-63974,79049,216862,-25488,170148,5238,0,25,0,59457,41250,53134,0,672,358,-95,6321,-269,338,0,4450263,6153,21095,29532,13,753,10000,0,-18779,0,0,0,39532,13,-18025
2016-03-02,11037,0,0,5200,0,0,1938,-32,68,4414615,-9906,-8693,4244299,-9148,7169,2461152,-59,1124,0,0,0,2344518,-2347,-2193,100880,2346,2411,15753,-60,904,31318,0,-5559,1751829,-9089,11604,186743,-644,-17508,-16437,-104,1654,0,0,0,11,-8,-7,1722,0,36,0,184,43,-26,2225,-4,-22,88,-1,88,21335,-1116,-812,20143,-293,267,0,4478485,-11311,-9098,1387972,2889,77549,291425,4749,14257,0,2753010,-18501,-82081,0,-63907,-216067,2496582,70535,-58087,229388,12526,176942,5240,2,28,0,21800,-37657,15103,0,443,-229,-223,6110,-211,-557,0,4438960,-11303,8946,29526,-6,741,10000,0,-18785,0,0,0,39526,-6,-18043
2016-03-09,11037,0,0,5200,0,0,1930,-8,70,4414362,-253,-8544,4244344,45,7307,2461196,44,1288,0,0,0,2344518,0,-2193,100880,0,2411,15797,44,1069,31318,0,-5559,1751830,1,11578,186413,-330,-17508,-16406,31,1655,0,0,0,12,1,3,1722,0,30,0,147,-37,-55,2225,0,-23,95,7,93,24055,2720,-850,20310,167,1084,0,4481083,2598,-8196,1391874,3902,80201,283433,-7992,18134,0,2759021,6011,-88709,0,0,-107229,2533225,36643,-159468,196297,-33091,169060,5171,-69,-65,0,24327,2527,8993,0,388,-55,-408,6833,723,630,0,4441548,2588,9846,29535,9,747,10000,0,-18788,0,0,0,39535,9,-18042
2016-03-16,11037,0,0,5200,0,0,1917,-13,69,4418619,4257,-9724,4248579,4235,6001,2461239,43,1452,0,0,0,2344518,0,-2192,100880,0,2411,15841,44,1233,29257,-2061,-7620,1758082,6252,12168,186371,-42,-17407,-16367,39,1656,0,0,0,37,25,27,1722,0,30,0,150,3,-202,2227,2,-21,76,-19,74,25064,1009,-765,20323,13,986,0,4486333,5250,-9555,1393955,2081,82110,289888,6455,273,0,2755993,-3028,-73085,0,0,0,2455522,-77703,-270797,279081,82784,191521,5175,4,-47,0,16215,-8112,6237,0,345,-43,-343,6606,-227,-470,0,4446787,5239,8484,29546,11,754,10000,0,-18792,0,0,0,39546,11,-18039
2016-03-23,11037,0,0,5200,0,0,1896,-21,57,4423381,4762,9964,4253473,4894,25021,2461283,44,1617,0,0,0,2344518,0,-2192,100880,0,2411,15884,43,1397,29257,0,-7620,1762933,4851,31024,186225,-146,-16710,-16335,32,1649,0,0,0,18,-19,3,1722,0,30,0,148,-2,-34,2227,0,-21,53,-23,50,26686,1622,1512,20508,185,696,0,4492857,6524,12254,1395796,1841,82882,307555,17667,28708,0,2742498,-13495,-81338,0,0,0,2431826,-23696,-305976,277707,-1374,206382,5173,-2,-52,0,27793,11578,18309,0,397,52,-348,6623,17,-25,0,4452869,6082,29880,29988,442,1181,10000,0,-18807,0,0,0,39988,442,-17626
2016-03-30,11037,0,0,5200,0,0,1876,-20,44,4412953,-10428,-102,4243666,-9807,15282,2461326,43,1748,0,0,0,2344518,0,-2191,100880,0,2411,15928,44,1528,29257,0,-7620,1753082,-9851,21154,185557,-668,-17008,-16301,34,1652,0,0,0,32,14,-27,1722,0,31,0,142,-6,32,2226,-1,-15,48,-5,-762,26956,270,692,20681,173,1122,0,4482840,-10017,1041,1397642,1846,82383,369688,62133,15995,0,2667221,-75277,-80821,0,0,0,2336086,-95740,-331577,291912,14205,226383,5172,-1,-69,0,34050,6257,24441,0,1390,993,792,6823,200,270,0,4442763,-10106,18619,30077,89,1249,10000,0,-18828,0,0,0,40077,89,-17579
2016-04-06,11037,0,0,5200,0,0,1873,-3,43,4412648,-305,-203,4243689,23,15189,2461345,19,1652,0,0,0,2341898,-2620,-4811,103501,2621,5032,15946,18,1431,29257,0,-7620,1753087,5,21157,185271,-286,-16971,-16349,-48,1574,0,0,0,37,5,5,1722,0,31,0,168,26,70,2220,-6,-22,146,98,146,28041,1085,-837,21015,334,1423,0,4484069,1229,650,1400041,2399,81334,268507,-101181,24015,0,2768102,100881,-86386,0,0,0,2467091,131005,-325821,263537,-28375,219283,5173,1,-57,0,32301,-1749,20208,0,547,-843,-36,6813,-10,-657,0,4444010,1247,18269,30059,-18,1220,10000,0,-18839,0,0,0,40059,-18,-17619
2016-04-13,11037,0,0,5200,0,0,1874,1,61,4425827,13179,11417,4256748,13059,26613,2461368,23,1562,0,0,0,2341898,0,-4811,103501,0,5033,15969,23,1340,29257,0,-6638,1766123,13036,31689,185357,86,-16762,-16318,31,1564,0,0,0,41,4,3,1722,0,28,0,169,1,73,2222,2,-21,45,-101,45,30749,2708,1273,20884,-131,1486,0,4499729,15660,14363,1399277,-764,82199,258536,-9971,30885,0,2792564,24462,-81829,0,0,0,2509845,42754,-239110,237928,-25609,126377,5197,24,-34,0,39594,7293,30938,0,405,-142,-183,8890,2077,923,0,4459672,15662,31995,30057,-2,1213,10000,0,-18844,0,0,0,40057,-2,-17632
2016-04-20,11037,0,0,5200,0,0,1877,3,68,4416669,-9158,-203,4248103,-8645,15218,2461390,22,1470,0,0,0,2342292,394,-4417,103134,-367,4666,15965,-4,1222,27096,-2161,-8799,1759617,-6506,22547,184786,-571,-16989,-16284,34,1566,0,0,0,64,23,3,1722,0,28,0,148,-21,68,2222,0,-23,33,-12,33,30308,-441,-951,20915,31,1415,0,4490131,-9598,436,1399868,591,84830,268513,9977,-6877,0,2774960,-17604,-57379,0,0,0,2404665,-105180,-212715,337540,99612,136467,5173,-24,-58,0,27582,-12012,18926,0,397,-8,-157,6359,-2531,-2314,0,4450097,-9575,18104,30034,-23,1183,10000,0,-18851,0,0,0,40034,-23,-17668
2016-04-27,11037,0,0,5200,0,0,1867,-10,66,4401115,-15554,3226,4233335,-14768,18556,2461413,23,1379,0,0,0,2342292,0,-4417,103134,0,4666,15987,22,1129,27096,0,-8799,1744826,-14791,25976,183791,-995,-17069,-16082,202,1729,0,0,0,70,6,9,1714,-8,25,0,182,34,123,2222,0,-22,0,-33,0,30557,249,-965,20772,-143,715,0,4474665,-15466,3166,1402602,2734,86619,267113,-1400,17226,0,2757987,-16973,-81731,0,0,0,2353257,-51408,-227810,372499,34959,127073,5174,1,-59,0,27056,-526,19064,0,842,445,293,6084,-275,-1577,0,4434628,-15469,20831,30038,4,1187,10000,0,-18851,0,0,0,40038,4,-17664
2016-05-04,11037,0,0,5200,0,0,1870,3,59,4400819,-296,3110,4233412,77,18476,2461489,76,1307,0,0,0,2342292,0,-4351,103134,0,4600,16063,76,1058,27096,0,-8799,1744827,1,25967,183430,-361,-17062,-16082,0,1698,0,0,0,60,-10,-1,1714,0,28,0,150,-32,86,2219,-3,-20,1200,1200,1200,31785,1228,-967,21276,504,1071,0,4477270,2605,4567,1405515,2913,85887,276795,9682,41862,0,2747295,-10692,-105083,0,0,0,2383369,30112,-226687,323794,-48705,94663,5174,0,-56,0,34959,7903,26998,0,381,-461,-250,7245,1161,-154,0,4437231,2603,22262,30038,0,1171,10000,0,-18867,0,0,0,40038,0,-17696
2016-05-11,11037,0,0,5200,0,0,1877,7,57,4400648,-171,-22766,4233528,116,-6541,2461605,116,1271,0,0,0,2342292,0,-4351,103134,0,4600,16179,116,1022,27096,0,-8799,1744827,0,987,183103,-327,-17908,-16051,31,1699,0,0,0,68,8,-17,1713,-1,16,0,135,-15,72,2219,0,-20,0,-1200,0,34463,2678,-998,21120,-156,863,0,4478411,1141,-22777,1406817,1302,86796,269589,-7206,25820,0,2754541,7246,-113852,0,0,0,2409768,26399,-234077,305842,-17952,100450,5174,0,-57,0,33757,-1202,19832,0,324,-57,-276,7098,-147,-3230,0,4438369,1138,-4742,30042,4,1003,10000,0,-19039,0,0,0,40042,4,-18035
2016-05-18,11037,0,0,5200,0,0,1858,-19,42,4408580,7932,-8724,4241550,8022,7706,2461721,116,1235,0,0,0,2342292,0,-4351,103134,0,4600,16295,116,986,25096,-2000,-10799,1754733,9906,17270,183091,-12,-17373,-16135,-84,1584,0,0,-620,74,6,-21,1713,0,16,0,179,44,98,2220,1,-21,1006,1006,1006,21104,-13359,-109,20844,-276,1048,0,4473741,-4670,-6643,1406583,-234,85147,312871,43282,4611,0,2707228,-47313,-77879,0,0,0,2399629,-10139,-188517,277289,-28553,103540,5203,29,-28,0,25107,-8650,7125,0,391,67,-106,6601,-497,-384,0,4433673,-4696,11389,30068,26,1018,10000,0,-19050,0,0,0,40068,26,-18033
2016-05-25,11037,0,0,5200,0,0,1837,-21,47,4396845,-11735,-4184,4229807,-11743,10839,2461637,-84,998,0,0,0,2342092,-200,-4551,103134,0,4600,16411,116,949,25096,0,-10799,1743074,-11659,20640,182397,-694,-17249,-16089,46,1592,610,610,610,120,46,24,1713,0,16,0,144,-35,51,2220,0,-21,1006,0,1004,20442,-662,-1017,20667,-177,1233,0,4461111,-12630,-2870,1408488,1905,83609,311723,-1148,33086,0,2694437,-12791,-100087,66820,66820,-13099,2339987,-59642,-196933,257092,-20197,93511,5179,-24,-53,0,25359,252,16487,0,275,-116,-571,6095,-506,-764,0,4421018,-12655,15272,30094,26,976,10000,0,-19118,0,0,0,40094,26,-18142
2016-06-01,11037,0,0,5200,0,0,1828,-9,33,4396075,-770,-4755,4229933,126,10853,2461761,124,1012,0,0,0,2339286,-2806,-7357,105939,2805,7405,16536,125,964,25096,0,-10799,1743076,2,20640,182112,-285,-17164,-16059,30,1591,0,-610,0,89,-31,-35,1713,0,13,0,240,96,160,2214,-6,-23,801,-205,801,21556,1114,-1075,20730,63,880,0,4461393,282,-3967,1413557,5069,89774,302674,-9049,60088,0,2697830,3393,-134814,0,-66820,-145702,2400969,60982,-89075,259693,2601,75594,5179,0,-52,0,31989,6630,24420,0,568,293,197,6673,578,-1053,0,4421303,285,14193,30090,-4,965,10000,0,-19125,0,0,0,40090,-4,-18160
2016-06-08,11037,0,0,5200,0,0,1839,11,10,4395929,-146,-4670,4230073,140,10938,2461897,136,1094,0,0,0,2339286,0,-7357,105939,0,7405,16671,135,1045,25096,0,-10799,1743081,5,20644,181790,-322,-17162,-16028,31,1592,0,0,0,94,5,-38,1713,0,17,0,166,-74,84,2214,0,-26,0,-801,0,24228,2672,-1139,21217,487,1261,0,4463542,2149,-4463,1412459,-1098,90406,285035,-17639,58836,0,2717957,20127,-135574,0,0,0,2448818,47849,-212843,225116,-34577,52198,5195,16,-46,0,38828,6839,25117,0,292,-276,-252,7704,1031,277,0,4423447,2144,13693,30095,5,970,10000,0,-19125,0,0,0,40095,5,-18156
2016-06-15,11037,0,0,5200,0,0,1844,5,0,4404322,8393,-15056,4238453,8380,824,2462032,135,1175,0,0,0,2339286,0,-7356,105939,0,7405,16807,136,1126,25096,0,-10799,1751324,8243,10447,181739,-51,-17399,-15991,37,1591,0,0,0,121,27,-72,1713,0,17,0,164,-2,75,2217,3,-26,6,6,-108,25208,980,-1214,21107,-110,1313,0,4472817,9275,-15000,1411284,-1175,90921,271369,-13666,9920,0,2743055,25098,-97201,0,0,0,2404901,-43917,-170605,305523,80407,54154,5197,2,-45,0,27434,-11394,19296,0,402,110,36,6597,-1107,-514,0,4432706,9259,3161,30111,16,975,10000,0,-19136,0,0,0,40111,16,-18161
2016-06-22,11037,0,0,5200,0,0,1863,19,-4,4411592,7270,-13182,4245772,7319,2573,2462168,136,1257,0,0,0,2339286,0,-7356,105939,0,7405,16942,135,1207,25096,0,-10799,1758508,7184,12115,181634,-105,-17284,-15958,33,1592,0,0,0,144,23,-63,1713,0,17,0,171,7,99,2218,1,-25,0,-6,-115,26946,1738,-1382,21269,162,1546,0,4482009,9192,-13046,1411173,-111,90698,335070,63701,45654,0,2688193,-54862,-131173,0,0,0,2318595,-86306,-174934,331412,25889,90650,5196,-1,-47,0,32991,5557,-46842,0,293,-109,-132,7166,569,58,0,4441895,9189,5104,30114,3,982,10000,0,-19132,0,0,0,40114,3,-18150
2016-06-29,11037,0,0,5200,0,0,1853,-10,-17,4396004,-15588,-13696,4230940,-14832,2009,2462303,135,1328,0,0,0,2339286,0,-7355,105939,0,7405,17077,135,1277,25096,0,-10799,1743541,-14967,11481,180818,-816,-17293,-15910,48,1602,0,0,0,156,12,-14,1712,-1,16,0,137,-34,46,2220,2,-16,2,2,-633,27070,124,181,21247,-22,1472,0,4466482,-15527,-12648,1416748,5575,91601,403727,68657,53870,0,2597913,-90280,-141314,0,0,0,2199119,-119476,-305413,346632,15220,134497,5194,-2,-49,0,46968,13977,29651,0,1406,1113,964,6575,-591,383,0,4426369,-15526,5503,30113,-1,981,10000,0,-19132,0,0,0,40113,-1,-18151
2016-07-06,11037,0,0,5200,0,0,1841,-12,-41,4395753,-251,-13786,4231064,124,2002,2462427,124,1320,0,0,0,2338557,-729,-8084,106669,730,8135,17202,125,1271,25096,0,-10799,1743541,0,11481,180466,-352,-17320,-15924,-14,1558,0,0,0,147,-9,-25,1712,0,14,0,282,145,214,2212,-8,-28,2994,2992,2839,28229,1159,-1402,21344,97,1504,0,4470605,4123,-10684,1420861,4113,94070,338376,-65351,36521,0,2663282,65369,-123471,0,0,0,2308282,109163,-277061,298044,-48588,124402,5196,2,-48,0,51760,4792,29236,0,684,-722,321,7294,719,59,0,4430497,4128,7501,30108,-5,962,10000,0,-19146,0,0,0,40108,-5,-18185
2016-07-13,11037,0,0,5200,0,0,1868,27,-14,4395720,-33,-25723,4231178,114,-9763,2462541,114,1303,0,0,0,2338557,0,-8084,106669,0,8135,17316,114,1253,25096,0,-10799,1743541,0,-266,180146,-320,-17631,-15893,31,1566,0,0,0,289,142,104,1712,0,14,0,229,-53,152,2212,0,-29,2220,-774,1912,30886,2657,682,21118,-226,1604,0,4472202,1597,-21403,1418595,-2266,92896,299476,-38900,43452,0,2706654,43372,-139410,0,0,0,2327301,19019,-327844,307707,9663,132001,5196,0,-48,0,66450,14690,56482,0,640,-44,303,6731,-563,-452,0,4432095,1598,-3212,30107,-1,958,10000,0,-19149,0,0,0,40107,-1,-18191
2016-07-20,11037,0,0,5200,0,0,1896,28,11,4407211,11491,-18984,4242398,11220,-3525,2462652,111,1282,0,0,0,2342204,3647,-4437,103596,-3073,5062,16852,-464,658,22492,-2604,-12601,1757254,13713,7794,180399,253,-17103,-15786,107,1642,0,0,0,200,-89,3,1713,1,15,0,240,11,183,2214,2,-27,185,-2035,-474,30488,-398,-1630,20789,-329,1375,0,4480973,8771,-19530,1416605,-1990,90891,328316,28840,62121,0,2688247,-18407,-155286,0,0,0,2318251,-9050,-327206,327138,19431,143935,5219,23,-24,0,37639,-28811,28009,0,382,-258,-49,7332,601,998,0,4440881,8786,-1326,30092,-15,944,10000,0,-19148,0,0,0,40092,-15,-18204
2016-07-27,11037,0,0,5200,0,0,1899,3,16,4390455,-16756,-20460,4226345,-16053,-5084,2462763,111,1261,0,0,0,2342204,0,-4437,103596,0,5062,16963,111,637,22492,0,-12601,1741091,-16163,6257,179557,-842,-17122,-15744,42,1645,0,0,0,297,97,100,1702,-11,1,0,225,-15,-19,2214,0,-28,180,-5,-179,30735,247,-1580,20851,62,1268,0,4464498,-16475,-20982,1416578,-27,88869,309026,-19290,66515,0,2691974,3727,-157954,0,0,0,2332237,13986,-300593,316238,-10900,112860,5269,50,26,0,38230,591,29754,0,760,378,480,6068,-1264,-683,0,4424406,-16475,-2773,30092,0,942,10000,0,-19150,0,0,0,40092,0,-18208
2016-08-03,11037,0,0,5200,0,0,1900,1,22,4390121,-334,-20588,4226461,116,-5096,2462865,102,1262,0,0,0,2342204,0,-4437,103596,0,5062,17065,102,636,22492,0,-12601,1741104,13,6243,179205,-352,-17106,-15730,14,1628,0,0,0,186,-111,-14,1705,3,3,0,210,-15,-13,2210,-4,-25,930,750,622,32054,1319,-1630,21426,575,2074,0,4466793,2295,-19536,1418934,2356,88863,311254,2228,62204,0,2688729,-3245,-153172,0,0,0,2403064,70827,-220948,245682,-70556,46927,5197,-72,-47,0,34787,-3443,20897,0,460,-300,140,7307,1239,486,0,4426685,2279,-1478,30108,16,1025,10000,0,-19083,0,0,0,40108,16,-18057
2016-08-10,11037,0,0,5200,0,0,1912,12,23,4389943,-178,-20626,4226556,95,-5115,2462956,91,1262,0,0,0,2342204,0,-4437,103596,0,5062,17156,91,637,22492,0,-12601,1741109,5,6225,178885,-320,-17103,-15699,31,1629,0,0,0,200,14,-38,1707,2,5,0,225,15,20,2210,0,-25,575,-355,346,34689,2635,-1723,21432,6,1660,0,4468929,2136,-20321,1419376,442,87590,321071,9817,92875,0,2680851,-7878,-181967,0,0,-66066,2382780,-20284,-173010,252095,6413,44106,5196,-1,-48,0,40780,5993,13050,0,529,69,71,6982,-325,-824,0,4428809,2124,-2255,30120,12,1027,10000,0,-19093,0,0,0,40120,12,-18066
2016-08-17,11037,0,0,5200,0,0,1930,18,31,4402957,13014,-21059,4239293,12737,-5660,2463447,491,1662,0,0,0,2342604,400,-4037,103596,0,5062,17247,91,637,22492,0,-12601,1753354,12245,5279,179130,245,-16916,-15677,22,1628,0,0,0,212,12,-110,1707,0,6,0,221,-4,-93,2211,1,-25,105,-470,-27,19481,-15208,-1584,21627,195,2019,0,4466476,-2453,-20732,1418599,-777,87197,323693,2622,75799,0,2676641,-4210,-166015,58594,58594,-64668,2335873,-46907,-217714,241426,-10669,99350,5265,69,20,0,35483,-5297,16997,0,522,-7,238,6882,-100,121,0,4426337,-2472,-2661,30139,19,1034,10000,0,-19105,0,0,0,40139,19,-18071
2016-08-24,11037,0,0,5200,0,0,1935,5,25,4408741,5784,-3139,4245050,5757,11469,2463538,91,1662,0,0,0,2342604,0,-4037,103596,0,5062,17338,91,637,22492,0,-12601,1759020,5666,22408,179107,-23,-16206,-15643,34,1624,0,0,0,228,16,-25,1707,0,8,0,206,-15,-84,2213,2,-24,22,-83,-112,21184,1703,752,21595,-32,1309,0,4473840,7364,-1265,1419069,470,85862,335860,12167,103984,0,2671957,-4684,-172448,0,-58594,0,2341222,5349,-363941,244881,3455,125734,5164,-101,-80,0,80691,45208,65839,0,606,84,209,6203,-679,-722,0,4433696,7359,16885,30144,5,997,10000,0,-19147,0,0,0,40144,5,-18150
2016-08-31,11037,0,0,5200,0,0,1931,-4,38,4393034,-15707,-18641,4230119,-14931,-3599,2463645,107,1704,0,0,0,2341647,-957,-4993,104553,957,6019,17445,107,678,22492,0,-12601,1743982,-15038,7298,178323,-784,-16622,-15615,28,1620,0,0,0,207,-21,-40,1707,0,4,0,218,12,-91,2212,-1,-21,1351,1329,1214,19990,-1194,-1564,21228,-367,1083,0,4457907,-15933,-17979,1422618,3549,85316,422530,86670,190629,0,2565460,-106497,-275870,0,0,0,2230607,-110615,-464210,288946,44065,166683,5167,3,-77,0,40740,-39951,21733,0,1366,760,1044,5787,-416,-952,0,4417762,-15934,167,30145,1,1000,10000,0,-19145,0,0,0,40145,1,-18146
2016-09-07,11037,0,0,5200,0,0,1919,-12,30,4392652,-382,-18749,4230075,-44,-3667,2463599,-46,1656,0,0,0,2341647,0,-4993,104553,0,6019,17399,-46,630,22492,0,-12601,1743984,2,7278,177973,-350,-16644,-15583,32,1622,0,0,0,188,-19,-59,1707,0,4,0,220,2,-191,2204,-8,-30,350,-1001,214,22641,2651,-1640,21463,235,1542,0,4459394,1487,-18819,1427438,4820,85299,319779,-102751,91727,0,2664553,99093,-177757,0,0,0,2382028,151421,-352622,238152,-50794,161896,5167,0,-88,0,39205,-1535,13056,0,650,-716,188,6830,1043,-132,0,4419249,1487,-675,30145,0,1001,10000,0,-19144,0,0,0,40145,0,-18143
2016-09-14,11037,0,0,5200,0,0,1925,6,24,4412606,19954,-7285,4249517,19442,7360,2463553,-46,1609,0,0,0,2341647,0,-4993,104553,0,6019,17352,-47,582,22492,0,-12601,1763473,19489,18354,178425,452,-16211,-15551,32,1616,0,0,0,215,27,-49,1707,0,5,0,213,-7,-74,2204,0,-31,6,-344,-139,25293,2652,-25,21444,-19,1351,0,4481635,22241,-6174,1424422,-3016,84701,316600,-3179,80583,0,2691034,26481,-155320,0,0,0,2349288,-32740,-294476,252691,14539,72701,5166,-1,-104,0,83889,44684,66560,0,761,111,405,8671,1841,1598,0,4441488,22239,11967,30147,2,1003,10000,0,-19144,0,0,0,40147,2,-18141
2016-09-21,11037,0,0,5200,0,0,1927,2,20,4404118,-8488,-23165,4241341,-8176,-8317,2463506,-47,1560,0,0,0,2341647,0,-4993,104553,0,6019,17306,-46,534,20492,-2000,-14601,1757343,-6130,4724,178060,-365,-16400,-15513,38,1606,0,0,0,229,14,-54,1707,0,5,0,67,-146,-240,2205,1,-33,2,-4,-681,25286,-7,-1873,21483,39,1515,0,4473032,-8603,-24452,1422486,-1936,82643,429394,112794,125597,0,2573677,-117357,-214906,0,0,0,2170319,-178969,-431877,358603,105912,193662,5168,2,-88,0,39588,-44301,23398,0,365,-396,127,6947,-1724,476,0,4432869,-8619,-6064,30164,17,888,10000,0,-19276,0,0,0,40164,17,-18388
2016-09-28,11037,0,0,5200,0,0,1927,0,18,4382682,-21436,-32504,4220827,-20514,-17447,2463460,-46,1512,0,0,0,2341647,0,-4992,104553,0,6019,17260,-46,486,20492,0,-14601,1736875,-20468,-4358,177089,-971,-16588,-15477,36,1540,0,0,0,242,13,-10,1707,0,4,0,54,-13,-342,2206,1,-35,291,289,-390,25372,86,-383,21525,42,1523,0,4452002,-21030,-32109,1423924,1438,81534,514810,85416,-126271,0,2466121,-107556,31250,0,0,0,2085237,-85082,-112420,339619,-18984,140903,5165,-3,-1066,0,36100,-3488,3833,0,756,391,273,6219,-728,-505,0,4411830,-21039,-13720,30172,8,891,10000,0,-19281,0,0,0,40172,8,-18389
2016-10-05,11037,0,0,5200,0,0,1922,-5,13,4382308,-374,-32523,4220842,15,-17411,2463473,13,1562,0,0,0,2340976,-671,-5663,105224,671,6690,17273,13,536,20492,0,-14601,1736877,2,-4372,176741,-348,-16597,-15448,29,1538,0,0,0,173,-69,-53,1708,1,5,0,61,7,-499,2201,-5,-32,7003,6712,6860,26713,1341,-1776,21255,-270,1174,0,4459407,7405,-26778,1429016,5092,83177,536588,21778,253904,0,2446757,-19364,-344881,0,0,0,2063383,-21854,-615411,342208,2589,255069,5165,0,-91,0,36001,-99,15552,0,561,-195,173,6310,91,-757,0,4419231,7401,-8386,30176,4,892,10000,0,-19284,0,0,0,40176,4,-18392
2016-10-12,11037,0,0,5200,0,0,1901,-21,2,4382033,-275,-48193,4220866,24,-32589,2463497,24,1623,0,0,0,2340976,0,-5663,105224,0,6690,17297,24,597,20492,0,-14601,1736877,0,-19611,176434,-307,-17070,-15417,31,1536,0,0,0,150,-23,-70,1709,1,4,0,104,43,-585,2201,0,-33,3220,-3783,3075,29320,2607,-1918,20974,-281,642,0,4457698,-1709,-47006,1432666,3650,84916,423100,-113488,160654,0,2554476,107719,-271759,0,0,0,2162086,98703,-557895,342875,667,285335,5165,0,-133,0,44350,8349,934,0,583,22,59,6698,388,-2468,0,4417522,-1709,-28599,30176,0,885,10000,0,-19291,0,0,0,40176,0,-18407
2016-10-19,11037,0,0,5200,0,0,1898,-3,5,4394197,12164,-33405,4232747,11881,-18433,2463520,23,1683,0,0,0,2340976,0,-5663,105224,0,6690,17320,23,657,18493,-1999,-15653,1750733,13856,-4464,176735,301,-16408,-15379,38,1528,0,0,0,94,-56,-93,1709,0,4,0,76,-28,-492,2203,2,-32,180,-3040,40,29860,540,-947,21023,49,838,0,4467382,9684,-33990,1430689,-1977,83679,431168,8068,99869,0,2558407,3931,-198312,0,0,0,2105811,-56275,-569777,409693,66818,352607,5165,0,-93,0,37737,-6613,18951,0,503,-80,137,6436,-262,-944,0,4427203,9681,-15571,30179,3,880,10000,0,-19299,0,0,0,40179,3,-18419
2016-10-26,11037,0,0,5200,0,0,1895,-3,11,4378668,-15529,-37099,4217878,-14869,-22159,2463544,24,1744,0,0,0,2340976,0,-5663,105224,0,6690,17344,24,718,18493,0,-15653,1735841,-14892,-8250,176056,-679,-16377,-15343,36,1528,0,0,0,76,-18,-91,1705,-4,-11,0,62,-14,-397,2202,-1,-34,3541,3361,3401,29145,-715,-1917,20871,-152,1032,0,4454326,-13056,-35013,1431381,692,81643,384809,-46359,39999,0,2591870,33463,-137279,48601,48601,48601,2065020,-40791,-603167,420256,10563,384670,5166,1,-107,0,52826,15089,32724,0,527,24,-44,5556,-880,-918,0,4414143,-13060,-16599,30182,3,884,10000,0,-19298,0,0,0,40182,3,-18415
2016-11-02,11037,0,0,5200,0,0,1884,-11,-2,4378375,-293,-36989,4217925,47,-22083,2463586,42,1826,0,0,0,2340674,-302,-5965,105526,302,6992,17385,41,798,18493,0,-15653,1735847,6,-8255,175708,-348,-16356,-15294,49,1545,0,0,0,35,-41,-97,1708,3,-5,0,75,13,-377,2199,-3,-32,1015,-2526,872,30288,1143,-1833,21307,436,1752,0,4453087,-1239,-36615,1438335,6954,82486,414938,30129,106654,0,2552182,-39688,-207961,0,-48601,0,2137209,72189,-552642,371894,-48362,327679,5172,6,-109,0,37907,-14919,17111,0,504,-23,129,6939,1383,516,0,4412898,-1245,-18177,30188,6,874,10000,0,-19314,0,0,0,40188,6,-18439
2016-11-09,11037,0,0,5200,0,0,1878,-6,-7,4378166,-209,-36838,4217995,70,-21972,2463654,68,1936,0,0,0,2340674,0,-5965,105526,0,6992,17454,69,909,18493,0,-15653,1735848,1,-8255,175402,-306,-16331,-15263,31,1546,0,0,0,32,-3,-80,1708,0,-5,0,105,30,-581,2200,1,-31,1000,-15,859,32918,2630,-1939,20875,-432,1617,0,4455087,2000,-36925,1443384,5049,83053,363349,-51589,86350,0,2600719,48537,-186286,0,0,0,2190082,52873,-469256,365454,-6440,269005,5517,345,159,0,39666,1759,13807,0,643,139,-84,6746,-193,-1551,0,4414841,1943,-18519,30246,58,920,10000,0,-19326,0,0,0,40246,58,-18407
2016-11-16,11037,0,0,5200,0,0,1866,-12,-23,4390312,12146,-32979,4230006,12011,-18117,2463722,68,2046,0,0,0,2340674,0,-5965,105526,0,6992,17522,68,1019,18493,0,-14451,1747791,11943,-5712,175535,133,-16301,-15258,5,1514,0,0,0,28,-4,-76,1708,0,-5,0,77,-28,-375,2204,4,-28,971,-29,821,20013,-12905,-1555,20245,-630,1057,0,4453633,-1454,-33088,1444552,1168,84604,355349,-8000,41619,0,2607655,6936,-139709,0,0,0,2177585,-12497,-434381,375908,10454,263414,5167,-350,462,0,48996,9330,30797,0,523,-120,102,5285,-1461,-1315,0,4413364,-1477,-14699,30268,22,939,10000,0,-19329,0,0,0,40268,22,-18390
2016-11-23,11037,0,0,5200,0,0,1830,-36,-27,4401788,11476,-12101,4241330,11324,1968,2463801,79,2173,0,0,0,2340674,0,-5965,105526,0,6992,17601,79,1146,18493,0,-14451,1759036,11245,14247,175630,95,-15536,-15218,40,1514,0,0,0,47,19,-47,1700,-8,-15,0,63,-14,-485,2204,0,-29,201,-770,56,21924,1911,674,19834,-411,620,0,4465782,12149,-11306,1448356,3804,83048,374359,19010,82567,0,2596252,-11403,-157635,0,0,0,2103184,-74401,-471777,386683,10775,232468,5166,-1,-54,0,101219,52223,81728,0,522,-1,89,5924,639,-1060,0,4425413,12049,7009,30370,102,1028,10000,0,-19342,0,0,0,40370,102,-18314
2016-11-30,11037,0,0,5200,0,0,1829,-1,-25,4382618,-19170,-31522,4223028,-18302,-16306,2463861,60,2260,0,0,0,2339503,-1171,-7136,106697,1171,8163,17661,60,1233,18493,0,-14451,1740674,-18362,-4115,174779,-851,-16070,-15229,-11,1477,0,0,-590,40,-7,-32,1707,7,-9,0,57,-6,-316,2210,6,-17,1340,1139,1205,20571,-1353,-1619,19738,-96,541,0,4446307,-19475,-31762,1448631,275,82029,462691,88332,192342,0,2487970,-108282,-287420,0,0,0,2015313,-87871,-516877,422034,35351,204767,5169,3,-52,0,45454,-55765,24742,0,1437,915,1138,5200,-724,-1545,0,4405928,-19485,-13456,30379,9,1036,10000,0,-19343,0,0,0,40379,9,-18306
2016-12-07,11037,0,0,5200,0,0,1849,20,-38,4382058,-560,-31195,4222666,-362,-16664,2463496,-365,1907,0,0,0,2339103,-400,-7536,106697,0,8163,17696,35,1280,18493,0,-14451,1740677,3,-4119,174450,-329,-16068,-15197,32,1478,59,59,59,79,39,-2,1707,0,-8,0,77,20,-289,2199,-11,-30,1329,-11,1193,23181,2610,-1761,19982,244,313,0,4448618,2311,-31818,1450907,2276,83565,423548,-39143,139718,0,2526559,38589,-235671,0,0,-43832,2133602,118289,-376413,344032,-78002,168286,5167,-2,-262,0,43758,-1696,16550,0,464,-973,141,6741,1541,-1271,0,4408219,2291,-13518,30399,20,1049,10000,0,-19350,0,0,0,40399,20,-18301
2016-12-14,11037,0,0,5200,0,0,1870,21,-30,4401802,19744,-19727,4242440,19774,-5238,2463531,35,1953,0,0,0,2339103,0,-7536,106697,0,8163,17731,35,1326,18493,0,-14451,1760415,19738,7258,174478,28,-15940,-15165,32,1476,0,-59,0,50,-29,-24,1708,1,-8,0,74,-3,-225,2200,1,-32,1476,147,1338,25848,2667,-77,19759,-223,142,0,4470973,22355,-18620,1452100,1193,83115,428881,5333,122163,0,2542605,16046,-204886,0,0,0,2123555,-10047,-336498,325271,-18761,59084,5179,12,-52,0,88599,44841,72579,0,626,162,293,6343,-398,-1003,0,4430555,22336,-319,30418,19,1059,10000,0,-19359,0,0,0,40418,19,-18301
2016-12-21,11037,0,0,5200,0,0,1872,2,-25,4397108,-4694,-28847,4238227,-4213,-14040,2463566,35,2000,0,0,0,2339103,0,-7536,106697,0,8163,17766,35,1373,16180,-2313,-16764,1758481,-1934,724,173967,-511,-16257,-15127,38,1482,0,0,0,42,-8,-31,1707,-1,-8,0,66,-8,-127,2204,4,-30,4743,3267,3817,25834,-14,-1923,19318,-441,-291,0,4469089,-1884,-27434,1456501,4401,80148,560172,131291,170586,0,2405606,-136999,-258708,0,0,0,1962767,-160788,-408312,387014,61743,120883,5181,2,-49,0,50643,-37956,28769,0,475,-151,-7,5893,-450,-1176,0,4428647,-1908,-9157,30442,24,1082,10000,0,-19360,0,0,0,40442,24,-18278
2016-12-28,11037,0,0,5200,0,0,1874,2,-13,4379233,-17875,-36331,4221168,-17059,-20797,2463601,35,2047,0,0,0,2339103,0,-7536,106697,0,8163,17801,35,1420,16180,0,-16764,1741387,-17094,-6080,173109,-858,-16430,-15092,35,1483,0,0,0,47,5,-588,1707,0,-10,0,94,28,-59,2210,6,-34,4826,83,3829,25983,149,-2046,19288,-30,-469,0,4451451,-17638,-35136,1462574,6073,81815,573757,13585,75238,0,2367939,-37667,-192731,0,0,0,1942983,-19784,-265700,372825,-14189,47979,5165,-16,-66,0,46966,-3677,25056,0,785,310,501,5953,60,-950,0,4411008,-17639,-36128,30443,1,992,10000,0,0,0,0,0,40443,1,992
2017-01-04,11037,0,0,5200,0,0,1875,1,-18,4378908,-325,-35786,4221162,-6,-20754,2463591,-10,2086,0,0,0,2339103,0,-7536,106697,0,8163,17791,-10,1458,16180,0,-16764,1741391,4,-6076,172789,-320,-16381,-15083,9,1461,0,0,0,40,-7,-111,1707,0,-10,0,168,74,-13,2202,-8,-33,5563,737,4566,27041,1058,-1943,19401,113,-266,0,4453101,1650,-33505,1462563,-11,86062,523213,-50544,178248,0,2420324,52385,-298820,0,0,0,1998166,55183,-355335,371833,-992,34096,5164,-1,-77,0,45161,-1805,22496,0,966,181,622,5594,-359,-553,0,4412659,1651,-34442,30442,-1,937,10000,0,0,0,0,0,40442,-1,937
2017-01-11,11037,0,0,5200,0,0,1890,15,-32,4378596,-312,-49205,4221125,-37,-33871,2463548,-43,2098,0,0,0,2339103,0,-7536,106697,0,8163,17748,-43,1470,16180,0,-16764,1741398,7,-19204,172520,-269,-16770,-15054,29,1460,0,0,0,5,-35,-24,1704,-3,-14,0,98,-70,-49,2203,1,-33,2626,-2937,2508,29651,2610,-2080,19505,104,-280,0,4452509,-592,-49186,1457601,-4962,87377,414925,-108288,113822,0,2532071,111747,-250492,0,0,0,2110927,112761,-339900,369010,-2823,66770,5166,2,-65,0,46968,1807,22702,0,686,-280,254,6780,1186,-1089,0,4412063,-596,-50128,30447,5,943,10000,0,0,0,0,0,40447,5,943
2017-01-18,11037,0,0,5200,0,0,1911,21,-39,4387787,9191,-27289,4230625,9500,-12364,2463504,-44,2108,0,0,0,2342206,3103,-4433,104106,-2591,5572,17192,-556,969,16180,0,-15138,1750940,9542,665,172216,-304,-16329,-15102,-48,1375,0,0,0,48,43,28,1705,1,-12,0,115,17,-112,2204,1,-33,615,-2011,490,30277,626,-1045,19907,402,-42,0,4460758,8249,-28082,1456778,-823,87727,382877,-32048,59903,0,2571628,39557,-178823,0,0,0,2118818,7891,-293260,396916,27906,78167,5165,-1,-66,0,50728,3760,36335,0,769,83,346,8260,1480,1822,0,4420312,8249,-29024,30446,-1,942,10000,0,0,0,0,0,40446,-1,942
2017-01-25,11037,0,0,5200,0,0,1938,27,-33,4380674,-7113,-27876,4224236,-6389,-12602,2463462,-42,2121,0,0,0,2342206,0,-4433,104106,0,5572,17149,-43,981,16180,0,-15138,1744594,-6346,415,171505,-711,-16520,-15071,31,1366,0,0,0,4,-44,-120,1707,2,-15,0,81,-34,-114,2205,1,-33,465,-150,363,29573,-704,-2027,19958,51,224,0,4452838,-7920,-29511,1452880,-3898,84693,361564,-21313,52459,0,2591736,20108,-167522,0,0,0,2137012,18194,-262255,401735,4819,63762,5165,0,-68,0,47824,-2904,31038,0,596,-173,130,5611,-2649,-218,0,4412387,-7925,-30458,30450,4,946,10000,0,0,0,0,0,40450,4,946
2017-02-01,11037,0,0,5200,0,0,1951,13,-48,4380385,-289,-27636,4224242,6,-12524,2463426,-36,2157,0,0,0,2341382,-824,-5257,104930,824,6396,17114,-35,1017,16180,0,-15138,1744636,42,457,171203,-302,-16453,-15070,1,1341,0,0,0,10,6,0,1705,-2,-17,0,82,1,-109,2197,-8,-33,392,-73,301,30935,1362,-2067,19996,38,-5,0,4453881,1043,-29614,1453722,842,83468,391779,30215,99508,0,2561305,-30431,-213079,0,0,0,2172093,35081,-269183,339229,-62506,26596,5335,170,-204,0,44648,-3176,29712,0,393,-203,195,6226,615,-655,0,4413426,1039,-30563,30455,5,949,10000,0,0,0,0,0,40455,5,949
2017-02-08,11037,0,0,5200,0,0,1961,10,-45,4380159,-226,-27463,4224258,16,-12414,2463436,10,2262,0,0,0,2341382,0,-5257,104930,0,6396,17124,10,1122,16180,0,-15138,1744642,6,462,170931,-272,-16388,-15040,30,1340,0,0,0,11,1,0,1705,0,-17,0,81,-1,-91,2199,2,-32,265,-127,174,33573,2638,-2168,20056,60,-402,0,4456236,2355,-30042,1458900,5178,84974,374350,-17429,91978,0,2575085,13780,-207960,0,0,0,2237460,65367,-245680,287035,-52194,10874,5165,-170,-72,0,45424,776,26917,0,384,-9,-74,7016,790,51,0,4415734,2308,-31032,30503,48,991,10000,0,0,0,0,0,40503,48,991
2017-02-15,11037,0,0,5200,0,0,1970,9,-25,4393901,13742,-26444,4237975,13717,-11194,2463446,10,2366,0,0,0,2341382,0,-5257,104930,0,6396,17133,9,1226,14829,-1351,-16489,1759700,15058,2929,170972,41,-16496,-15061,-21,1304,0,0,0,15,4,-58,1705,0,-16,0,106,25,-85,2199,0,-32,236,-29,138,18566,-15007,-1884,19756,-300,-604,0,4454676,-1560,-28953,1462429,3529,79784,363909,-10441,65163,0,2581021,5936,-174795,0,0,0,2254271,16811,-235750,274178,-12857,31828,5182,17,-56,0,47391,1967,29184,0,447,63,133,6365,-651,-225,0,4414171,-1563,-29939,30505,2,986,10000,0,0,0,0,0,40505,2,986
2017-02-22,11037,0,0,5200,0,0,1967,-3,-3,4406424,12523,-18097,4250406,12431,-3041,2463456,10,2245,0,0,0,2341382,0,-5483,104930,0,6396,17144,11,1331,13329,-1500,-17989,1773621,13921,12703,171046,74,-16341,-15031,30,1302,0,0,0,3,-12,-16,1705,0,-17,0,127,21,-14,2202,3,-27,143,-93,54,20137,1571,-2314,19761,5,-675,0,4468702,14026,-21094,1466089,3660,81006,425529,61620,138853,0,2529121,-51900,-242390,0,0,-63907,2243156,-11115,-182891,228171,-46007,11309,5165,-17,-73,0,52628,5237,-6829,0,749,302,77,6684,319,363,0,4428171,14000,-22092,30531,26,999,10000,0,0,0,0,0,40531,26,999
2017-03-01,11037,0,0,5200,0,0,1942,-25,4,4395386,-11038,-19229,4240003,-10403,-4296,2463488,32,2336,0,0,0,2340411,-971,-4107,105901,971,5021,17175,31,1422,13329,0,-17989,1763186,-10435,11357,170434,-612,-16309,-15052,-21,1385,0,0,0,2,-1,-9,1705,0,-17,0,79,-48,-105,2196,-6,-29,1132,989,1044,19585,-552,-1750,19755,-6,-388,0,4458018,-10684,-20467,1475112,9023,87140,404888,-20641,113463,0,2530281,1160,-222729,16625,16625,16625,2307954,64798,-188628,148385,-79786,-81003,5164,-1,-76,0,52154,-474,30354,0,453,-296,10,6750,66,640,0,4417484,-10687,-21476,30534,3,1008,10000,0,0,0,0,0,40534,3,1008
2017-03-08,11037,0,0,5200,0,0,1934,-8,4,4395331,-55,-19031,4240169,166,-4175,2463650,162,2454,0,0,0,2340411,0,-4107,105901,0,5021,17337,162,1540,13329,0,-17989,1763191,5,11361,170171,-263,-16242,-15025,27,1381,0,0,0,15,13,3,1704,-1,-18,0,66,-13,-81,2197,1,-28,491,-641,396,22209,2624,-1846,19670,-85,-640,0,4459840,1822,-21243,1482492,7380,90618,453251,48363,169818,0,2476457,-53824,-282564,0,-16625,0,2351131,43177,-182094,66163,-82222,-130134,5165,1,-6,0,53998,1844,29671,0,631,178,243,6464,-286,-369,0,4419296,1812,-22252,30544,10,1009,10000,0,0,0,0,0,40544,10,1009
2017-03-15,11037,0,0,5200,0,0,1929,-5,12,4403462,8131,-15157,4248325,8156,-254,2463812,162,2573,0,0,0,2340411,0,-4107,105901,0,5021,17499,162,1658,13329,0,-15928,1771184,7993,13102,170126,-45,-16245,-15004,21,1363,0,0,0,15,0,-22,1707,3,-15,0,62,-4,-88,2197,0,-30,917,426,841,23312,1103,-1752,19756,86,-567,0,4469577,9737,-16756,1484495,2003,90540,477012,23761,187124,0,2460347,-16110,-295646,0,0,0,2368120,16989,-87402,23416,-42747,-255665,5169,4,-6,0,63642,9644,47427,0,438,-193,93,6739,275,133,0,4429030,9734,-17757,30548,4,1002,10000,0,0,0,0,0,40548,4,1002
2017-03-22,11037,0,0,5200,0,0,1921,-8,25,4409999,6537,-13382,4254947,6622,1474,2463974,162,2691,0,0,0,2340411,0,-4107,105901,0,5021,17661,162,1777,13329,0,-15928,1777645,6461,14712,170019,-107,-16206,-14976,28,1359,0,0,0,9,-6,-9,1707,0,-15,0,49,-13,-99,2199,2,-28,1019,102,966,24898,1586,-1788,20205,449,-303,0,4478236,8659,-14621,1487305,2810,91509,495718,18706,188163,0,2446950,-13397,-295548,0,0,0,2313962,-54158,-117864,54245,30829,-223462,5171,2,-2,0,73572,9930,45779,0,486,48,89,7211,472,588,0,4437670,8640,-15199,30565,17,577,10000,0,0,0,0,0,40565,17,577
2017-03-29,11037,0,0,5200,0,0,1912,-9,36,4401348,-8651,-11605,4246783,-8164,3117,2464335,361,3009,0,0,0,2340611,200,-3907,105901,0,5021,17823,162,1895,13329,0,-15928,1769118,-8527,16036,169503,-516,-16054,-14948,28,1353,0,0,0,11,2,-21,1707,0,-15,0,65,16,-77,2200,1,-26,1007,-12,959,24984,86,-1972,20158,-47,-523,0,4469618,-8618,-13222,1489783,2478,92141,510897,15179,141209,0,2420709,-26241,-246512,0,0,0,2269985,-43977,-66101,63101,8856,-228811,5164,-7,-8,0,82460,8888,48410,0,783,297,-607,6850,-361,27,0,4429023,-8647,-13740,30595,30,518,10000,0,0,0,0,0,40595,30,518
2017-04-05,11037,0,0,5200,0,0,1908,-4,35,4401166,-182,-11482,4246906,123,3217,2464454,119,3109,0,0,0,2339280,-1331,-2618,107233,1332,3732,17942,119,1996,13329,0,-15928,1769122,4,16035,169214,-289,-16057,-14966,-18,1383,0,0,0,13,2,-24,1718,11,-4,0,72,7,-96,2199,-1,-21,5075,4068,4929,26216,1232,-1825,20042,-116,-973,0,4474634,5016,-9435,1493478,3695,93437,425190,-85707,156683,0,2508349,87640,-259753,0,0,0,2337776,67791,-129315,82953,19852,-180584,5177,13,4,0,82443,-17,50142,0,676,-107,129,6352,-498,-461,0,4434045,5022,-9965,30589,-6,530,10000,0,0,0,0,0,40589,-6,530
2017-04-12,11037,0,0,5200,0,0,1899,-9,25,4413341,12175,-12486,4258966,12060,2218,2464546,92,3178,0,0,0,2339280,0,-2618,107233,0,3732,18034,92,2065,13329,0,-15928,1781091,11969,14968,169292,78,-16065,-14941,25,1377,0,0,0,24,11,-17,1708,-10,-14,0,90,18,-79,2198,-1,-24,45,-5030,0,28860,2644,-1889,20115,73,-769,0,4484492,9858,-15237,1494338,860,95061,357433,-67757,98897,0,2582696,74347,-209868,0,0,0,2367767,29991,-142078,119157,36204,-118771,5174,-3,-23,0,90598,8155,51004,0,651,-25,246,8783,2431,-107,0,4443900,9855,-15772,30592,3,535,10000,0,0,0,0,0,40592,3,535
2017-04-19,11037,0,0,5200,0,0,1888,-11,11,4407412,-5929,-9257,4253384,-5582,5281,2464638,92,3248,0,0,0,2339740,460,-2552,106803,-430,3669,18095,61,2130,11829,-1500,-15267,1776917,-4174,17300,168863,-429,-15923,-14909,32,1375,0,0,0,73,49,9,1708,0,-14,0,102,12,-46,2199,1,-23,35,-10,2,29433,573,-875,20258,143,-657,0,4479270,-5222,-10861,1494691,353,94823,362153,4720,93640,0,2574600,-8096,-200360,0,0,0,2256670,-111097,-147995,229485,110328,-108055,5455,281,282,0,82991,-7607,55409,0,553,-98,156,6680,-2103,321,0,4438678,-5222,-11419,30592,0,558,10000,0,0,0,0,0,40592,0,558
2017-04-26,11037,0,0,5200,0,0,1883,-5,16,4399032,-8380,-2083,4245572,-7812,12237,2464730,92,3317,0,0,0,2339740,0,-2552,106803,0,3669,18187,92,2200,11829,0,-15267,1769013,-7904,24187,168285,-578,-15506,-14869,40,1213,0,0,0,44,-29,-26,1709,1,-5,0,84,-18,-98,2199,0,-23,80,45,80,28669,-764,-1888,20248,-10,-524,0,4470142,-9128,-4523,1496078,1387,93476,363073,920,95960,0,2563460,-11140,-194527,0,0,0,2200671,-55999,-152586,270845,41360,-101654,5164,-291,-10,0,86780,3789,59724,0,504,-49,-338,6401,-279,317,0,4429517,-9161,-5111,30625,33,587,10000,0,0,0,0,0,40625,33,587
2017-05-03,11037,0,0,5200,0,0,1878,-5,8,4398832,-200,-1987,4245636,64,12224,2464792,62,3303,0,0,0,2339740,0,-2552,106803,0,3669,18249,62,2186,11829,0,-15267,1769015,2,24188,167992,-293,-15438,-14860,9,1222,0,0,0,63,19,3,1709,0,-5,0,113,29,-37,2199,0,-20,35,-45,-1165,30005,1336,-1780,20239,-9,-1037,0,4471246,1104,-6024,1499533,3455,94018,432620,69547,155825,0,2491234,-72226,-256061,0,0,0,2200821,150,-182548,203408,-67437,-120386,5200,36,26,0,81805,-4975,46846,0,603,99,222,6564,163,-681,0,4430553,1036,-6678,30693,68,655,10000,0,0,0,0,0,40693,68,655
2017-05-10,11037,0,0,5200,0,0,1860,-18,-17,4398667,-165,-1981,4245660,24,12132,2464815,23,3210,0,0,0,2339740,0,-2552,106803,0,3669,18272,23,2093,11829,0,-15267,1769016,1,24189,167731,-261,-15372,-14830,30,1221,62,62,62,45,-18,-23,1709,0,-4,0,62,-51,-73,2196,-3,-23,35,0,35,32630,2625,-1833,20064,-175,-1056,0,4473459,2213,-4952,1501672,2139,94855,425093,-7527,155504,0,2498707,7473,-255834,0,0,0,2219918,19097,-189850,188256,-15152,-117586,5165,-35,-9,0,85367,3562,51610,0,413,-190,89,6860,296,-238,0,4432744,2191,-5625,30716,23,674,10000,0,0,0,0,0,40716,23,674
2017-05-17,11037,0,0,5200,0,0,1835,-25,-23,4404606,5939,-3974,4251580,5920,10030,2464638,-177,2917,0,0,0,2339540,-200,-2752,106803,0,3669,18295,23,2000,8834,-2995,-16262,1778109,9093,23376,167838,107,-15253,-14879,-49,1256,0,-62,0,67,22,-7,1709,0,-4,0,59,-3,-120,2198,2,-22,36,1,-970,19890,-12740,-1214,20538,474,-306,0,4467108,-6351,-6633,1501692,20,95109,407581,-17512,94710,0,2509667,10960,-197561,0,0,0,2247674,27756,-151955,172891,-15365,-104398,5164,-1,-39,0,83937,-1430,58830,0,477,64,86,6913,53,312,0,4426330,-6414,-7343,30778,62,710,10000,0,0,0,0,0,40778,62,710
2017-05-24,11037,0,0,5200,0,0,1820,-15,-17,4406794,2188,9949,4253877,2297,24070,2464660,22,3023,0,0,0,2339540,0,-2552,106803,0,3669,18317,22,1906,8834,0,-16262,1780383,2274,37309,167646,-192,-14751,-14849,30,1240,62,62,-548,57,-10,-63,1710,1,-3,0,60,1,-84,2199,1,-21,41,5,-965,21450,1560,1008,20541,3,-126,0,4470852,3744,9741,1504774,3082,96286,427317,19736,115594,0,2490799,-18868,-203638,16347,16347,-50473,2206163,-41511,-133824,163058,-9833,-94034,5164,0,-15,0,100067,16130,74708,0,411,-66,136,6746,-167,651,0,4430048,3718,9030,30804,26,710,10000,0,0,0,0,0,40804,26,710
2017-05-31,11037,0,0,5200,0,0,1791,-29,-37,4396780,-10014,705,4244487,-9390,14554,2464696,36,2935,0,0,0,2338216,-1324,-1070,108126,1323,2187,18353,36,1817,8834,0,-16262,1770958,-9425,27882,167082,-564,-15030,-14856,-7,1203,0,-62,0,67,10,-22,1709,-1,-4,0,99,39,-141,2209,10,-5,35,-6,-766,20337,-1113,-1219,20717,176,-13,0,4459914,-10938,-1479,1509625,4851,96068,502159,74842,199485,0,2399933,-90866,-297897,0,-16347,0,2129606,-76557,-271363,189831,26773,-69862,5178,14,-1,0,75317,-24750,43328,0,1140,729,572,6251,-495,-422,0,4419108,-10940,-2195,30806,2,716,10000,0,0,0,0,0,40806,2,716
2017-06-07,11037,0,0,5200,0,0,1809,18,-30,4396638,-142,709,4244575,88,14502,2464783,87,2886,0,0,0,2338216,0,-1070,108126,0,2187,18440,87,1769,8834,0,-16262,1770958,0,27877,166822,-260,-14968,-14827,29,1201,0,0,0,69,2,-25,1709,0,-4,0,84,-15,-82,2195,-14,-19,40,5,40,22935,2598,-1293,20794,77,-423,0,4462443,2529,-1099,1509455,-170,96996,399729,-102430,114694,0,2504469,104536,-213488,0,0,0,2270846,141240,-177972,154760,-35071,-70356,5361,183,166,0,73503,-1814,34675,0,597,-543,305,7385,1134,-319,0,4421635,2527,-1812,30808,2,713,10000,0,0,0,0,0,40808,2,713
2017-06-14,11037,0,0,5200,0,0,1814,5,-30,4407830,11192,3508,4255569,10994,17116,2464871,88,2839,0,0,0,2338216,0,-1070,108126,0,2187,18528,88,1721,8097,-737,-16999,1782601,11643,31277,166981,159,-14758,-14798,29,1193,0,0,0,77,8,-44,1709,0,-4,0,65,-19,-99,2197,2,-20,36,-4,30,25512,2577,304,20869,75,-238,0,4476269,13826,3452,1508561,-894,97277,406070,6341,134701,0,2512445,7976,-230610,0,0,0,2231204,-39642,-173697,163941,9181,-141582,5252,-109,55,0,112047,38544,84613,0,744,147,342,7609,224,1012,0,4435430,13795,2724,30840,32,729,10000,0,0,0,0,0,40840,32,729
2017-06-21,11037,0,0,5200,0,0,1819,5,-44,4406160,-1670,-5432,4254154,-1415,8382,2464958,87,2790,0,0,0,2338216,0,-1070,108126,0,2187,18615,87,1673,8097,0,-16999,1781099,-1502,22591,166663,-318,-14971,-14765,33,1193,0,0,0,107,30,-37,1709,0,-4,0,61,-4,-110,2198,1,-20,42,6,42,25495,-17,-1451,20537,-332,-732,0,4474257,-2012,-7752,1508773,212,97600,446236,40166,111166,0,2470467,-41978,-217726,0,0,0,2164616,-66588,-153979,225126,61185,-106286,5165,-87,-31,0,75560,-36487,42569,0,433,-311,140,7493,-116,327,0,4433401,-2029,-8494,30856,16,742,10000,0,0,0,0,0,40856,16,742
2017-06-28,11037,0,0,5200,0,0,1819,0,-34,4394948,-11212,-1056,4243422,-10732,12482,2465046,88,2743,0,0,0,2338216,0,-1070,108126,0,2187,18703,88,1626,8097,0,-16999,1770280,-10819,26739,166068,-595,-14750,-14733,32,1177,0,0,0,192,85,36,1709,0,-3,0,93,32,-44,2197,-1,-23,35,-7,33,25576,81,-1494,20734,197,-513,0,4463347,-10910,-3135,1512186,3413,95438,504865,58629,101138,0,2398136,-72331,-199777,0,0,0,2118108,-46508,-81011,197597,-27529,-149035,5165,0,-29,0,77266,1706,30298,0,836,403,-570,6481,-1012,-94,0,4422504,-10897,-3865,30843,-13,730,10000,0,0,0,0,0,40843,-13,730
2017-07-05,11037,0,0,5200,0,0,1796,-23,-45,4394652,-296,-1101,4243474,52,12410,2465096,50,2669,0,0,0,2337609,-607,-948,108734,608,2065,18753,50,1551,8097,0,-16999,1770281,1,26740,165787,-281,-14679,-14738,-5,1186,0,0,0,130,-62,-17,1709,0,-3,0,116,23,-166,2197,0,-15,3070,3035,76,26866,1290,-1363,20628,-106,-716,0,4467272,3925,-3333,1518965,6779,98104,486738,-18127,148362,0,2413566,15430,-249716,0,0,0,2169650,51542,-138632,165044,-32553,-133000,5164,-1,-32,0,73708,-3558,21948,0,653,-183,-31,6503,22,-791,0,4426426,3922,-4071,30846,3,738,10000,0,0,0,0,0,40846,3,738
2017-07-12,11037,0,0,5200,0,0,1805,9,-63,4394485,-167,-1235,4243498,24,12320,2465121,25,2580,0,0,0,2337609,0,-948,108734,0,2065,18778,25,1462,8097,0,-16999,1770281,0,26740,165544,-243,-14602,-14709,29,1184,0,0,0,151,21,-138,1709,0,-3,0,62,-54,-167,2196,-1,-16,55,-3015,-2165,29444,2578,-1442,20710,82,-408,0,4466702,-570,-5500,1517809,-1156,99214,419896,-66842,120420,0,2481313,67747,-225341,0,0,0,2238951,69301,-88350,162156,-2888,-145551,5165,1,-31,0,75040,1332,8590,0,513,-140,-127,6325,-178,-406,0,4425855,-571,-6240,30847,1,740,10000,0,0,0,0,0,40847,1,740
2017-07-19,11037,0,0,5200,0,0,1821,16,-75,4403819,9334,-3392,4252637,9139,10239,2465145,24,2493,0,0,0,2338887,1278,-3317,107651,-1083,4055,18607,-171,1755,8097,0,-14395,1779394,9113,22140,165633,89,-14766,-14669,40,1117,0,0,0,218,67,18,1710,1,-3,0,68,6,-172,2197,1,-17,41,-14,-144,30079,635,-409,20931,221,142,0,4476903,10201,-4070,1514860,-2949,98255,392660,-27236,64344,0,2521226,39913,-167021,0,0,0,2250646,11695,-67605,189282,27126,-137856,5164,-1,-55,0,76133,1093,38494,0,451,-62,69,6857,532,-475,0,4436056,10201,-4825,30847,0,755,10000,0,0,0,0,0,40847,0,755
2017-07-26,11037,0,0,5200,0,0,1833,12,-66,4392851,-10968,2396,4242265,-10372,15920,2465170,25,2407,0,0,0,2338887,0,-3317,107651,0,4055,18631,24,1668,8097,0,-14395,1768999,-10395,27908,165024,-609,-14533,-14636,33,1108,0,0,0,197,-21,-100,1710,0,8,0,56,-12,-169,2198,1,-16,85,44,-95,29283,-796,-1452,21031,100,180,0,4465284,-11619,786,1514951,91,98373,343796,-48864,34770,0,2559568,38342,-132406,0,0,0,2293616,42970,-38621,183534,-5748,-132704,5190,26,-79,0,77229,1096,38999,0,452,1,-308,5669,-1188,-399,0,4424436,-11620,30,30848,1,756,10000,0,0,0,0,0,40848,1,756
2017-08-02,11037,0,0,5200,0,0,1839,6,-61,4392640,-211,2519,4242317,52,15856,2465195,25,2330,0,0,0,2337565,-1322,-4639,108973,1322,5377,18657,26,1592,8097,0,-14395,1769026,27,27922,164745,-279,-14460,-14622,14,1108,0,0,0,200,3,14,1710,0,5,0,74,18,-136,2192,-6,-18,35,-50,-895,30633,1350,-1421,21486,455,60,0,4466846,1562,53,1518395,3444,99461,361577,17781,50323,0,2538367,-21201,-150362,0,0,0,2291577,-2039,-111487,165407,-18127,-80275,5166,-24,-31,0,76218,-1011,41431,0,648,196,188,6989,1320,-318,0,4425977,1541,-708,30869,21,761,10000,0,0,0,0,0,40869,21,761
2017-08-09,11037,0,0,5200,0,0,1851,12,-61,4392465,-175,2522,4242347,30,15791,2465221,26,2265,0,0,0,2337565,0,-4639,108973,0,5377,18683,26,1527,8097,0,-14395,1769029,3,27920,164503,-242,-14382,-14593,29,1106,0,0,0,208,8,8,1710,0,3,0,65,-9,-160,2196,4,-14,36,1,-539,33212,2579,-1477,21311,-175,-121,0,4469083,2237,154,1520051,1656,100675,343269,-18308,22198,0,2558070,19703,-122781,0,0,0,2336315,44738,-46465,139553,-25854,-112542,5165,-1,-31,0,77037,819,36257,0,475,-173,-54,6342,-647,-640,0,4428207,2230,-602,30876,7,756,10000,0,0,0,0,0,40876,7,756
2017-08-16,11037,0,0,5200,0,0,1847,-4,-83,4401371,8906,-1586,4251319,8972,12026,2465247,26,1800,0,0,0,2337565,0,-5039,108973,0,5377,18709,26,1462,8097,0,-14395,1777975,8946,24621,164467,-36,-14663,-14628,-35,1049,0,0,0,213,5,1,1708,-2,1,0,73,8,-148,2196,0,-15,36,0,-69,18198,-15014,-1283,21204,-107,-423,0,4462871,-6212,-3605,1519475,-576,100876,337323,-5946,13630,0,2557748,-322,-118893,14733,14733,-43861,2364972,28657,29099,96029,-43524,-145397,5165,0,-100,0,76849,-188,41366,0,343,-132,-179,7009,667,127,0,4421897,-6310,-4440,30974,98,835,10000,0,0,0,0,0,40974,98,835
2017-08-23,11037,0,0,5200,0,0,1872,25,-63,4400521,-850,-8220,4250730,-589,5680,2465273,26,1735,0,0,0,2337565,0,-5039,108973,0,5377,18735,26,1397,6757,-1340,-15735,1778699,724,19679,164153,-314,-14954,-14598,30,1045,0,0,0,236,23,8,1708,0,1,0,53,-20,-153,2199,3,-14,36,0,14,19770,1572,-1414,21440,236,-155,0,4463837,966,-10003,1519600,125,100531,407823,70500,71963,0,2488684,-69064,-183273,0,-14733,0,2338170,-26802,-3052,67930,-28099,-176951,5165,0,1,0,77418,569,-3273,0,522,179,-84,6231,-778,28,0,4422861,964,-10835,30976,2,832,10000,0,0,0,0,0,40976,2,832
2017-08-30,11037,0,0,5200,0,0,1858,-14,-73,4388809,-11712,-4225,4239610,-11120,9491,2465300,27,1655,0,0,0,2337565,0,-4082,108973,0,4420,18761,26,1316,6757,0,-15735,1767553,-11146,23571,163542,-611,-14781,-14566,32,1049,0,0,0,223,-13,16,1708,0,1,0,56,3,-162,2204,5,-8,36,0,-1315,19959,189,-31,21494,54,266,0,4452360,-11477,-5547,1523475,3875,100857,388708,-19115,-33822,0,2491242,2558,-74218,0,0,0,2331956,-6214,101349,66877,-1053,-222069,5165,0,-2,0,87244,9826,46504,0,1233,711,-133,6716,485,929,0,4411374,-11487,-6388,30987,11,842,10000,0,0,0,0,0,40987,11,842
2017-09-06,11037,0,0,5200,0,0,1834,-24,-85,4388524,-285,-4128,4239599,-11,9524,2465289,-11,1690,0,0,0,2337126,-439,-4521,109412,439,4859,18751,-10,1352,6757,0,-15735,1767553,0,23569,163260,-282,-14713,-14547,19,1036,0,0,0,212,-11,24,1708,0,1,0,96,40,-124,2197,-7,-7,35,-1,-315,21220,1261,-1421,21623,129,160,0,4453474,1114,-5920,1531365,7890,103927,391923,3215,72144,0,2481916,-9326,-182637,0,0,0,2357048,25092,-24980,38662,-28215,-199490,5166,1,-1,0,81039,-6205,41834,0,749,-484,99,6418,-298,-412,0,4412371,997,-6878,31102,115,957,10000,0,0,0,0,0,41102,115,957
2017-09-13,11037,0,0,5200,0,0,1829,-5,-96,4403838,15314,-8768,4254571,14972,5054,2465468,179,1915,0,0,0,2337326,200,-4321,109412,0,4859,18730,-21,1378,6757,0,-15735,1782346,14793,18873,163562,302,-14863,-14515,32,1036,0,0,0,220,8,5,1708,0,1,0,82,-14,-131,2197,0,-7,87,52,81,23765,2545,-1528,21431,-192,-13,0,4471174,17700,-10461,1533584,2219,109162,366719,-25204,50119,0,2521517,39601,-169517,0,0,0,2360190,3142,10902,73220,34558,-179471,5165,-1,-1,0,82942,1903,-947,0,422,-327,-339,7823,1405,-848,0,4430066,17695,-11422,31109,7,962,10000,0,0,0,0,0,41109,7,962
2017-09-20,11037,0,0,5200,0,0,1835,6,-92,4391303,-12535,-12815,4242728,-11843,1387,2465448,-20,1942,0,0,0,2337326,0,-4321,109412,0,4859,18709,-21,1403,6757,0,-13735,1770524,-11822,13181,162828,-734,-15232,-14481,34,1032,0,0,0,228,8,-1,1708,0,1,0,78,-4,11,2197,0,-8,37,-50,35,23712,-53,-1574,21471,40,-12,0,4458576,-12598,-14456,1533583,-1,111097,413569,46850,-15825,0,2463842,-57675,-109835,0,0,0,2229409,-130781,59090,151204,77984,-207399,5165,0,-3,0,78063,-4879,38475,0,537,115,172,5880,-1943,-1067,0,4417412,-12654,-15457,31165,56,1001,10000,0,0,0,0,0,41165,56,1001
2017-09-27,11037,0,0,5200,0,0,1849,14,-78,4388682,-2621,6000,4240344,-2384,19517,2465427,-21,1967,0,0,0,2337326,0,-4321,109412,0,4859,18689,-20,1429,6757,0,-13735,1768160,-2364,31285,162553,-275,-14536,-14448,33,1029,0,0,0,233,5,-9,1707,-1,0,0,62,-16,8,2197,0,-9,37,0,-254,23787,75,-1585,21103,-368,-422,0,4455661,-2915,3659,1533124,-459,109200,455073,41504,-59737,0,2419487,-44355,-46634,0,0,0,2178841,-50568,93604,155159,3955,-184460,5370,205,205,0,80117,2054,44017,0,739,202,-17,6052,172,-167,0,4414476,-2936,2646,31186,21,1014,10000,0,0,0,0,0,41186,21,1014
2017-10-04,11037,0,0,5200,0,0,1860,11,-62,4388407,-275,6099,4240384,40,19542,2465467,40,1994,0,0,0,2337326,0,-3650,109412,0,4188,18729,40,1456,6757,0,-13735,1768160,0,31283,162278,-275,-14463,-14432,16,1016,0,0,0,177,-56,4,1707,0,-1,0,62,0,1,2196,-1,-5,3620,3583,-3383,25223,1436,-1490,21111,8,-144,0,4460422,4761,1015,1535748,2624,106732,409354,-45719,-127234,0,2467243,47756,20486,0,0,0,2228518,49677,165135,154619,-540,-187589,5165,-205,0,0,78941,-1176,42940,0,690,-49,129,6197,145,-113,0,4419233,4757,2,31190,4,1014,10000,0,0,0,0,0,41190,4,1014
2017-10-11,11037,0,0,5200,0,0,1855,-5,-46,4388272,-135,6239,4240471,87,19605,2465554,87,2057,0,0,0,2337326,0,-3650,109412,0,4188,18816,87,1519,6757,0,-13735,1768160,0,31283,162046,-232,-14388,-14403,29,1014,0,0,0,158,-19,8,1706,-1,-3,0,93,31,-11,2198,2,-3,36,-3584,-3184,27776,2553,-1544,21243,132,269,0,4459415,-1007,1717,1538386,2638,105720,360275,-49079,-62825,0,2511898,44655,-42578,0,0,0,2267739,39221,105653,155307,688,-187568,5166,1,1,0,83687,4746,39337,0,443,-247,-140,7198,1001,500,0,4418200,-1033,678,31215,25,1039,10000,0,0,0,0,0,41215,25,1039
2017-10-18,11037,0,0,5200,0,0,1846,-9,-52,4398182,9910,3985,4250343,9872,17596,2465641,87,2121,0,0,0,2337326,0,-3650,109412,0,4188,18903,87,1583,6757,0,-11736,1777945,9785,27212,162045,-1,-14690,-14365,38,1014,0,0,0,160,2,66,1705,-1,-4,0,57,-36,-19,2197,-1,-6,35,-1,-145,28345,569,-1515,21119,-124,96,0,4469723,10308,2341,1538055,-331,107366,348297,-11978,-82871,0,2535629,23731,-22778,0,0,0,2255104,-12635,149293,196106,40799,-213587,5165,-1,0,0,79254,-4433,41517,0,494,51,-9,6026,-1172,-410,0,4428502,10302,1299,31220,5,1041,10000,0,0,0,0,0,41220,5,1041
2017-10-25,11037,0,0,5200,0,0,1839,-7,-56,4390404,-7778,11736,4243048,-7295,25170,2465727,86,2183,0,0,0,2337326,0,-3650,109412,0,4188,18989,86,1645,6757,0,-11736,1770563,-7382,34722,161540,-505,-14516,-14333,32,1010,0,0,0,149,-11,73,1711,6,6,0,54,-3,-8,2201,4,-1,37,2,-3504,27539,-806,-1606,21094,-25,223,0,4461117,-8606,6791,1536876,-1179,105495,347903,-394,-36906,0,2528519,-7110,-63351,14140,14140,-34461,2241618,-13486,176598,185092,-11014,-235164,5166,1,0,0,82503,3249,29677,0,318,-176,-209,6275,249,719,0,4419891,-8611,5748,31227,7,1045,10000,0,0,0,0,0,41227,7,1045
2017-11-01,11037,0,0,5200,0,0,1832,-7,-52,4384231,-6173,5856,4237214,-5834,19289,2459827,-5900,-3759,0,0,0,2331201,-6125,-9473,109537,125,4011,19088,99,1703,6757,0,-11736,1770630,67,34783,161274,-266,-14434,-14310,23,984,0,0,0,52,-97,17,1712,1,4,0,66,12,-9,2199,-2,0,40,3,-975,28705,1166,-1583,20865,-229,-442,0,4455887,-5230,2800,1542094,5218,103759,319936,-27967,-95002,0,2546288,17769,-5894,0,-14140,0,2281472,39854,144263,181764,-3328,-190130,5177,11,5,0,77875,-4628,39968,0,503,185,-1,5850,-425,-1089,0,4414670,-5221,1772,31217,-10,1029,10000,0,0,0,0,0,41217,-10,1029
2017-11-08,11037,0,0,5200,0,0,1845,13,-33,4384265,34,6099,4237373,159,19378,2459985,158,-3669,0,0,0,2331201,0,-9473,109537,0,4011,19247,159,1793,6757,0,-11736,1770630,0,34782,161052,-222,-14350,-14281,29,982,65,65,65,56,4,24,1712,0,4,0,109,43,4,2201,2,1,37,-3,-963,31280,2575,-1638,20866,1,-9,0,4458552,2665,3465,1544556,2462,101172,301136,-18800,-62213,0,2564064,17776,-36655,0,0,0,2317610,36138,127528,160437,-21327,-205017,5166,-11,-351,0,80851,2976,41185,0,521,18,-122,7038,1188,292,0,4417315,2645,2474,31237,20,991,10000,0,0,0,0,0,41237,20,991
2017-11-15,11037,0,0,5200,0,0,1855,10,-11,4386052,1787,-4260,4239252,1879,9246,2456641,-3344,-7081,0,0,0,2327698,-3503,-12976,109537,0,4011,19406,159,1884,6757,0,-11736,1775854,5224,28063,161032,-20,-14503,-14284,-3,974,0,-65,0,51,-5,23,1710,-2,2,0,71,-38,-6,2204,3,0,35,-2,-936,19003,-12277,-1010,21122,256,877,0,4448289,-10263,-5344,1545840,1284,101288,263449,-37687,-91900,0,2590889,26825,-16766,0,0,0,2357806,40196,180221,148165,-12272,-227743,5368,202,201,0,79549,-1302,30553,0,387,-134,-136,6486,-552,1201,0,4407051,-10264,-6313,31238,1,970,10000,0,0,0,0,0,41238,1,970
2017-11-22,11037,0,0,5200,0,0,1835,-20,5,4386446,394,-15342,4239896,644,-1434,2456822,181,-6979,0,0,0,2327698,0,-12976,109537,0,4011,19588,182,1987,4391,-2366,-14102,1778683,2829,19647,160744,-288,-14886,-14251,33,967,0,0,0,56,5,9,1710,0,10,0,68,-3,5,2209,5,5,35,0,-166,20845,1842,-1079,21231,109,1397,0,4450615,2326,-15167,1551645,5805,103289,283250,19801,-91109,0,2566771,-24118,-29481,0,0,0,2329834,-27972,226650,151783,3618,-234900,5165,-203,-1,0,79989,440,-21230,0,542,155,20,7164,678,1240,0,4409372,2321,-16041,31243,5,873,10000,0,0,0,0,0,41243,5,873
2017-11-29,11037,0,0,5200,0,0,1833,-2,4,4374449,-11997,-8169,4228444,-11452,5416,2456959,137,-6902,0,0,0,2327698,0,-11805,109537,0,2840,19724,136,2063,4391,0,-14102,1767095,-11588,26421,160163,-581,-14616,-14225,26,1004,0,0,0,67,11,27,1709,-1,2,0,57,-11,0,2211,2,1,35,0,-1305,20766,-79,195,21296,65,1558,0,4438592,-12023,-7715,1552706,1061,104075,294644,11394,-168047,0,2542512,-24259,54542,0,0,0,2271173,-58661,255860,178685,26902,-243349,5167,2,-2,0,87488,7499,42034,0,1504,962,67,5908,-1256,708,0,4397274,-12098,-8654,31318,75,939,10000,0,0,0,0,0,41318,75,939
2017-12-06,11037,0,0,5200,0,0,1867,34,18,4371667,-2782,-10391,4225961,-2483,3295,2454474,-2485,-9022,0,0,0,2324604,-3094,-14499,110134,597,3437,19736,12,2040,4391,0,-14102,1767096,1,26419,159883,-280,-14567,-14219,6,978,0,0,-59,43,-24,-36,1711,2,4,0,79,22,2,2210,-1,11,35,0,-1294,22169,1403,-1012,21174,-122,1192,0,4437148,-1444,-11470,1555667,2961,104760,303714,9070,-119834,0,2529004,-13508,2445,0,0,0,2325294,54121,191692,122127,-56558,-221905,5168,1,1,0,76416,-11072,32658,0,657,-847,193,6787,879,46,0,4395830,-1444,-12389,31318,0,919,10000,0,0,0,0,0,41318,0,919
2017-12-13,11037,0,0,5200,0,0,1883,16,13,4384767,13100,-17035,4238883,12922,-3557,2454256,-218,-9275,0,0,0,2324404,-200,-14699,110134,0,3437,19717,-19,1986,4391,0,-14102,1780237,13141,19822,160036,153,-14442,-14187,32,978,0,0,0,35,-8,-15,1712,1,4,0,70,-9,-4,2212,2,12,42,7,-1434,24722,2553,-1126,21082,-92,1323,0,4452726,15578,-18247,1556777,1110,104677,372129,68415,-56752,0,2474451,-54553,-68154,0,0,0,2322762,-2532,199207,64734,-57393,-260537,5252,84,73,0,81703,5287,-6896,0,322,-335,-304,7726,939,1383,0,4411405,15575,-19150,31321,3,903,10000,0,0,0,0,0,41321,3,903
2017-12-20,11037,0,0,5200,0,0,1892,9,20,4379557,-5210,-17551,4234079,-4804,-4148,2454237,-19,-9329,0,0,0,2324404,0,-14699,110134,0,3437,19699,-18,1933,4391,0,-11789,1775451,-4786,16970,159519,-517,-14448,-14153,34,974,0,0,0,112,77,70,1712,0,5,0,77,7,11,2214,2,10,57,15,-4686,24519,-203,-1315,21206,124,1888,0,4447470,-5256,-21619,1560665,3888,104164,349802,-22327,-210370,0,2488520,14069,82914,0,0,0,2237142,-85620,274375,170817,106083,-216197,5253,1,72,0,75308,-6395,24665,0,236,-86,-239,6925,-801,1032,0,4406148,-5257,-22499,31322,1,880,10000,0,0,0,0,0,41322,1,880
2017-12-27,11037,0,0,5200,0,0,1885,-7,11,4368476,-11081,-10757,4223535,-10544,2367,2454219,-18,-9382,0,0,0,2324404,0,-14699,110134,0,3437,19680,-19,1879,4391,0,-11789,1764926,-10525,23539,158921,-598,-14188,-14121,32,971,0,0,0,141,29,94,1712,0,5,0,88,11,-6,2218,4,8,12008,11951,7182,24825,306,-1158,21229,23,1941,0,4448680,1210,-2771,1569058,8393,106484,386791,36989,-186966,0,2445089,-43431,77150,0,0,0,2176452,-60690,233469,186486,15669,-186339,5254,1,89,0,76897,1589,29931,0,423,187,-362,5931,-994,-22,0,4407291,1143,-3717,31388,66,945,10000,0,0,0,0,0,41388,66,945